,dteday,yr,mnth,holiday,weekday,workingday,weathersit,temp,atemp,hum,windspeed,casual,registered,cnt,day_name,cat_weeks
0,2011-01-01,0,1,0,6,0,2,0.344167,0.363625,0.805833,0.160446,331.0,654,985,Saturday,Weekend
1,2011-01-02,0,1,0,0,0,2,0.363478,0.353739,0.696087,0.248539,131.0,670,801,Sunday,Weekend
2,2011-01-03,0,1,0,1,1,1,0.196364,0.189405,0.437273,0.248309,120.0,1229,1349,Monday,Workday
3,2011-01-04,0,1,0,2,1,1,0.2,0.212122,0.590435,0.160296,108.0,1454,1562,Tuesday,Workday
4,2011-01-05,0,1,0,3,1,1,0.226957,0.22927,0.436957,0.1869,82.0,1518,1600,Wednesday,Workday
5,2011-01-06,0,1,0,4,1,1,0.204348,0.233209,0.518261,0.0895652,88.0,1518,1606,Thursday,Workday
6,2011-01-07,0,1,0,5,1,2,0.196522,0.208839,0.498696,0.168726,148.0,1362,1510,Friday,Workday
7,2011-01-08,0,1,0,6,0,2,0.165,0.162254,0.535833,0.266804,68.0,891,959,Saturday,Weekend
8,2011-01-09,0,1,0,0,0,1,0.138333,0.116175,0.434167,0.36195,54.0,768,822,Sunday,Weekend
9,2011-01-10,0,1,0,1,1,1,0.150833,0.150888,0.482917,0.223267,41.0,1280,1321,Monday,Workday
10,2011-01-11,0,1,0,2,1,2,0.169091,0.191464,0.686364,0.122132,43.0,1220,1263,Tuesday,Workday
11,2011-01-12,0,1,0,3,1,1,0.172727,0.160473,0.599545,0.304627,25.0,1137,1162,Wednesday,Workday
12,2011-01-13,0,1,0,4,1,1,0.165,0.150883,0.470417,0.301,38.0,1368,1406,Thursday,Workday
13,2011-01-14,0,1,0,5,1,1,0.16087,0.188413,0.537826,0.126548,54.0,1367,1421,Friday,Workday
14,2011-01-15,0,1,0,6,0,2,0.233333,0.248112,0.49875,0.157963,222.0,1026,1248,Saturday,Weekend
15,2011-01-16,0,1,0,0,0,1,0.231667,0.234217,0.48375,0.188433,251.0,953,1204,Sunday,Weekend
16,2011-01-17,0,1,1,1,0,2,0.175833,0.176771,0.5375,0.194017,117.0,883,1000,Monday,Workday
17,2011-01-18,0,1,0,2,1,2,0.216667,0.232333,0.861667,0.146775,9.0,674,683,Tuesday,Workday
18,2011-01-19,0,1,0,3,1,2,0.292174,0.298422,0.741739,0.208317,78.0,1572,1650,Wednesday,Workday
19,2011-01-20,0,1,0,4,1,2,0.261667,0.25505,0.538333,0.195904,83.0,1844,1927,Thursday,Workday
20,2011-01-21,0,1,0,5,1,1,0.1775,0.157833,0.457083,0.353242,75.0,1468,1543,Friday,Workday
21,2011-01-22,0,1,0,6,0,1,0.0591304,0.0790696,0.4,0.17197,93.0,888,981,Saturday,Weekend
22,2011-01-23,0,1,0,0,0,1,0.0965217,0.0988391,0.436522,0.2466,150.0,836,986,Sunday,Weekend
23,2011-01-24,0,1,0,1,1,1,0.0973913,0.11793,0.491739,0.15833,86.0,1330,1416,Monday,Workday
24,2011-01-25,0,1,0,2,1,2,0.223478,0.234526,0.616957,0.129796,186.0,1799,1985,Tuesday,Workday
25,2011-01-26,0,1,0,3,1,3,0.2175,0.2036,0.8625,0.29385,34.0,472,506,Wednesday,Workday
26,2011-01-27,0,1,0,4,1,1,0.195,0.2197,0.6875,0.113837,15.0,416,431,Thursday,Workday
27,2011-01-28,0,1,0,5,1,2,0.203478,0.223317,0.793043,0.1233,38.0,1129,1167,Friday,Workday
28,2011-01-29,0,1,0,6,0,1,0.196522,0.212126,0.651739,0.145365,123.0,975,1098,Saturday,Weekend
29,2011-01-30,0,1,0,0,0,1,0.216522,0.250322,0.722174,0.0739826,140.0,956,1096,Sunday,Weekend
30,2011-01-31,0,1,0,1,1,2,0.180833,0.18625,0.60375,0.187192,42.0,1459,1501,Monday,Workday
31,2011-02-01,0,2,0,2,1,2,0.192174,0.23453,0.829565,0.053213,47.0,1313,1360,Tuesday,Workday
32,2011-02-02,0,2,0,3,1,2,0.26,0.254417,0.775417,0.264308,72.0,1454,1526,Wednesday,Workday
33,2011-02-03,0,2,0,4,1,1,0.186957,0.177878,0.437826,0.277752,61.0,1489,1550,Thursday,Workday
34,2011-02-04,0,2,0,5,1,2,0.211304,0.228587,0.585217,0.127839,88.0,1620,1708,Friday,Workday
35,2011-02-05,0,2,0,6,0,2,0.233333,0.243058,0.929167,0.161079,100.0,905,1005,Saturday,Weekend
36,2011-02-06,0,2,0,0,0,1,0.285833,0.291671,0.568333,0.1418,354.0,1269,1623,Sunday,Weekend
37,2011-02-07,0,2,0,1,1,1,0.271667,0.303658,0.738333,0.0454083,120.0,1592,1712,Monday,Workday
38,2011-02-08,0,2,0,2,1,1,0.220833,0.198246,0.537917,0.36195,64.0,1466,1530,Tuesday,Workday
39,2011-02-09,0,2,0,3,1,2,0.134783,0.144283,0.494783,0.188839,53.0,1552,1605,Wednesday,Workday
40,2011-02-10,0,2,0,4,1,1,0.144348,0.149548,0.437391,0.221935,47.0,1491,1538,Thursday,Workday
41,2011-02-11,0,2,0,5,1,1,0.189091,0.213509,0.506364,0.10855,149.0,1597,1746,Friday,Workday
42,2011-02-12,0,2,0,6,0,1,0.2225,0.232954,0.544167,0.203367,288.0,1184,1472,Saturday,Weekend
43,2011-02-13,0,2,0,0,0,1,0.316522,0.324113,0.457391,0.260883,397.0,1192,1589,Sunday,Weekend
44,2011-02-14,0,2,0,1,1,1,0.415,0.39835,0.375833,0.38061125,208.0,1705,1913,Monday,Workday
45,2011-02-15,0,2,0,2,1,1,0.266087,0.254274,0.314348,0.291374,140.0,1675,1815,Tuesday,Workday
46,2011-02-16,0,2,0,3,1,1,0.318261,0.3162,0.423478,0.251791,218.0,1897,2115,Wednesday,Workday
47,2011-02-17,0,2,0,4,1,1,0.435833,0.428658,0.505,0.230104,259.0,2216,2475,Thursday,Workday
48,2011-02-18,0,2,0,5,1,1,0.521667,0.511983,0.516667,0.264925,579.0,2348,2927,Friday,Workday
49,2011-02-19,0,2,0,6,0,1,0.399167,0.391404,0.20468725,0.38061125,532.0,1103,1635,Saturday,Weekend
50,2011-02-20,0,2,0,0,0,1,0.285217,0.27733,0.407826,0.223235,639.0,1173,1812,Sunday,Weekend
51,2011-02-21,0,2,1,1,0,2,0.303333,0.284075,0.605,0.307846,195.0,912,1107,Monday,Workday
52,2011-02-22,0,2,0,2,1,1,0.182222,0.186033,0.577778,0.195683,74.0,1376,1450,Tuesday,Workday
53,2011-02-23,0,2,0,3,1,1,0.221739,0.245717,0.423043,0.094113,139.0,1778,1917,Wednesday,Workday
54,2011-02-24,0,2,0,4,1,2,0.295652,0.289191,0.697391,0.250496,100.0,1707,1807,Thursday,Workday
55,2011-02-25,0,2,0,5,1,2,0.364348,0.350461,0.712174,0.346539,120.0,1341,1461,Friday,Workday
56,2011-02-26,0,2,0,6,0,1,0.2825,0.282192,0.537917,0.186571,424.0,1545,1969,Saturday,Weekend
57,2011-02-27,0,2,0,0,0,1,0.343478,0.351109,0.68,0.125248,694.0,1708,2402,Sunday,Weekend
58,2011-02-28,0,2,0,1,1,2,0.407273,0.400118,0.876364,0.289686,81.0,1365,1446,Monday,Workday
59,2011-03-01,0,3,0,2,1,1,0.266667,0.263879,0.535,0.216425,137.0,1714,1851,Tuesday,Workday
60,2011-03-02,0,3,0,3,1,1,0.335,0.320071,0.449583,0.307833,231.0,1903,2134,Wednesday,Workday
61,2011-03-03,0,3,0,4,1,1,0.198333,0.200133,0.318333,0.225754,123.0,1562,1685,Thursday,Workday
62,2011-03-04,0,3,0,5,1,2,0.261667,0.255679,0.610417,0.203346,214.0,1730,1944,Friday,Workday
63,2011-03-05,0,3,0,6,0,2,0.384167,0.378779,0.789167,0.251871,640.0,1437,2077,Saturday,Weekend
64,2011-03-06,0,3,0,0,0,2,0.376522,0.366252,0.948261,0.343287,114.0,491,605,Sunday,Weekend
65,2011-03-07,0,3,0,1,1,1,0.261739,0.238461,0.551304,0.341352,244.0,1628,1872,Monday,Workday
66,2011-03-08,0,3,0,2,1,1,0.2925,0.3024,0.420833,0.12065,316.0,1817,2133,Tuesday,Workday
67,2011-03-09,0,3,0,3,1,2,0.295833,0.286608,0.775417,0.22015,191.0,1700,1891,Wednesday,Workday
68,2011-03-10,0,3,0,4,1,3,0.389091,0.385668,0.20468725,0.261877,46.0,577,623,Thursday,Workday
69,2011-03-11,0,3,0,5,1,2,0.316522,0.305,0.649565,0.23297,247.0,1730,1977,Friday,Workday
70,2011-03-12,0,3,0,6,0,1,0.329167,0.32575,0.594583,0.220775,724.0,1408,2132,Saturday,Weekend
71,2011-03-13,0,3,0,0,0,1,0.384348,0.380091,0.527391,0.270604,982.0,1435,2417,Sunday,Weekend
72,2011-03-14,0,3,0,1,1,1,0.325217,0.332,0.496957,0.136926,359.0,1687,2046,Monday,Workday
73,2011-03-15,0,3,0,2,1,2,0.317391,0.318178,0.655652,0.184309,289.0,1767,2056,Tuesday,Workday
74,2011-03-16,0,3,0,3,1,2,0.365217,0.36693,0.776522,0.203117,321.0,1871,2192,Wednesday,Workday
75,2011-03-17,0,3,0,4,1,1,0.415,0.410333,0.602917,0.209579,424.0,2320,2744,Thursday,Workday
76,2011-03-18,0,3,0,5,1,1,0.54,0.527009,0.525217,0.231017,884.0,2355,3239,Friday,Workday
77,2011-03-19,0,3,0,6,0,1,0.4725,0.466525,0.379167,0.368167,1424.0,1693,3117,Saturday,Weekend
78,2011-03-20,0,3,0,0,0,1,0.3325,0.32575,0.47375,0.207721,1047.0,1424,2471,Sunday,Weekend
79,2011-03-21,0,3,0,1,1,2,0.430435,0.409735,0.737391,0.288783,401.0,1676,2077,Monday,Workday
80,2011-03-22,0,3,0,2,1,1,0.441667,0.440642,0.624583,0.22575,460.0,2243,2703,Tuesday,Workday
81,2011-03-23,0,3,0,3,1,2,0.346957,0.337939,0.839565,0.234261,203.0,1918,2121,Wednesday,Workday
82,2011-03-24,0,3,0,4,1,2,0.285,0.270833,0.805833,0.243787,166.0,1699,1865,Thursday,Workday
83,2011-03-25,0,3,0,5,1,1,0.264167,0.256312,0.495,0.230725,300.0,1910,2210,Friday,Workday
84,2011-03-26,0,3,0,6,0,1,0.265833,0.257571,0.394167,0.209571,981.0,1515,2496,Saturday,Weekend
85,2011-03-27,0,3,0,0,0,2,0.253043,0.250339,0.493913,0.1843,472.0,1221,1693,Sunday,Weekend
86,2011-03-28,0,3,0,1,1,1,0.264348,0.257574,0.302174,0.212204,222.0,1806,2028,Monday,Workday
87,2011-03-29,0,3,0,2,1,1,0.3025,0.292908,0.314167,0.226996,317.0,2108,2425,Tuesday,Workday
88,2011-03-30,0,3,0,3,1,2,0.3,0.29735,0.646667,0.172888,168.0,1368,1536,Wednesday,Workday
89,2011-03-31,0,3,0,4,1,3,0.268333,0.257575,0.918333,0.217646,179.0,1506,1685,Thursday,Workday
90,2011-04-01,0,4,0,5,1,2,0.3,0.283454,0.68625,0.258708,307.0,1920,2227,Friday,Workday
91,2011-04-02,0,4,0,6,0,2,0.315,0.315637,0.65375,0.197146,898.0,1354,2252,Saturday,Weekend
92,2011-04-03,0,4,0,0,0,1,0.378333,0.378767,0.48,0.182213,1651.0,1598,3249,Sunday,Weekend
93,2011-04-04,0,4,0,1,1,1,0.573333,0.542929,0.42625,0.38061125,734.0,2381,3115,Monday,Workday
94,2011-04-05,0,4,0,2,1,2,0.414167,0.39835,0.642083,0.38061125,167.0,1628,1795,Tuesday,Workday
95,2011-04-06,0,4,0,3,1,1,0.390833,0.387608,0.470833,0.263063,413.0,2395,2808,Wednesday,Workday
96,2011-04-07,0,4,0,4,1,1,0.4375,0.433696,0.602917,0.162312,571.0,2570,3141,Thursday,Workday
97,2011-04-08,0,4,0,5,1,2,0.335833,0.324479,0.83625,0.226992,172.0,1299,1471,Friday,Workday
98,2011-04-09,0,4,0,6,0,2,0.3425,0.341529,0.8775,0.133083,879.0,1576,2455,Saturday,Weekend
99,2011-04-10,0,4,0,0,0,2,0.426667,0.426737,0.8575,0.146767,1188.0,1707,2895,Sunday,Weekend
100,2011-04-11,0,4,0,1,1,2,0.595652,0.565217,0.716956,0.324474,855.0,2493,3348,Monday,Workday
101,2011-04-12,0,4,0,2,1,2,0.5025,0.493054,0.739167,0.274879,257.0,1777,2034,Tuesday,Workday
102,2011-04-13,0,4,0,3,1,2,0.4125,0.417283,0.819167,0.250617,209.0,1953,2162,Wednesday,Workday
103,2011-04-14,0,4,0,4,1,1,0.4675,0.462742,0.540417,0.1107,529.0,2738,3267,Thursday,Workday
104,2011-04-15,0,4,1,5,0,1,0.446667,0.441913,0.67125,0.226375,642.0,2484,3126,Friday,Workday
105,2011-04-16,0,4,0,6,0,3,0.430833,0.425492,0.888333,0.340808,121.0,674,795,Saturday,Weekend
106,2011-04-17,0,4,0,0,0,1,0.456667,0.445696,0.479583,0.303496,1558.0,2186,3744,Sunday,Weekend
107,2011-04-18,0,4,0,1,1,1,0.5125,0.503146,0.5425,0.163567,669.0,2760,3429,Monday,Workday
108,2011-04-19,0,4,0,2,1,2,0.505833,0.489258,0.665833,0.157971,409.0,2795,3204,Tuesday,Workday
109,2011-04-20,0,4,0,3,1,1,0.595,0.564392,0.614167,0.241925,613.0,3331,3944,Wednesday,Workday
110,2011-04-21,0,4,0,4,1,1,0.459167,0.453892,0.407083,0.325258,745.0,3444,4189,Thursday,Workday
111,2011-04-22,0,4,0,5,1,2,0.336667,0.321954,0.729583,0.219521,177.0,1506,1683,Friday,Workday
112,2011-04-23,0,4,0,6,0,2,0.46,0.450121,0.887917,0.230725,1462.0,2574,4036,Saturday,Weekend
113,2011-04-24,0,4,0,0,0,2,0.581667,0.551763,0.810833,0.192175,1710.0,2481,4191,Sunday,Weekend
114,2011-04-25,0,4,0,1,1,1,0.606667,0.5745,0.776667,0.185333,773.0,3300,4073,Monday,Workday
115,2011-04-26,0,4,0,2,1,1,0.631667,0.594083,0.729167,0.3265,678.0,3722,4400,Tuesday,Workday
116,2011-04-27,0,4,0,3,1,2,0.62,0.575142,0.835417,0.3122,547.0,3325,3872,Wednesday,Workday
117,2011-04-28,0,4,0,4,1,2,0.6175,0.578929,0.700833,0.320908,569.0,3489,4058,Thursday,Workday
118,2011-04-29,0,4,0,5,1,1,0.51,0.497463,0.457083,0.240063,878.0,3717,4595,Friday,Workday
119,2011-04-30,0,4,0,6,0,1,0.4725,0.464021,0.503333,0.235075,1965.0,3347,5312,Saturday,Weekend
120,2011-05-01,0,5,0,0,0,2,0.451667,0.448204,0.762083,0.106354,1138.0,2213,3351,Sunday,Weekend
121,2011-05-02,0,5,0,1,1,2,0.549167,0.532833,0.73,0.183454,847.0,3554,4401,Monday,Workday
122,2011-05-03,0,5,0,2,1,2,0.616667,0.582079,0.697083,0.342667,603.0,3848,4451,Tuesday,Workday
123,2011-05-04,0,5,0,3,1,2,0.414167,0.40465,0.737083,0.328996,255.0,2378,2633,Wednesday,Workday
124,2011-05-05,0,5,0,4,1,1,0.459167,0.441917,0.444167,0.295392,614.0,3819,4433,Thursday,Workday
125,2011-05-06,0,5,0,5,1,1,0.479167,0.474117,0.59,0.228246,894.0,3714,4608,Friday,Workday
126,2011-05-07,0,5,0,6,0,1,0.52,0.512621,0.54125,0.16045,1612.0,3102,4714,Saturday,Weekend
127,2011-05-08,0,5,0,0,0,1,0.528333,0.518933,0.631667,0.0746375,1401.0,2932,4333,Sunday,Weekend
128,2011-05-09,0,5,0,1,1,1,0.5325,0.525246,0.58875,0.176,664.0,3698,4362,Monday,Workday
129,2011-05-10,0,5,0,2,1,1,0.5325,0.522721,0.489167,0.115671,694.0,4109,4803,Tuesday,Workday
130,2011-05-11,0,5,0,3,1,1,0.5425,0.5284,0.632917,0.120642,550.0,3632,4182,Wednesday,Workday
131,2011-05-12,0,5,0,4,1,1,0.535,0.523363,0.7475,0.189667,695.0,4169,4864,Thursday,Workday
132,2011-05-13,0,5,0,5,1,2,0.5125,0.4943,0.863333,0.179725,692.0,3413,4105,Friday,Workday
133,2011-05-14,0,5,0,6,0,2,0.520833,0.500629,0.9225,0.13495,902.0,2507,3409,Saturday,Weekend
134,2011-05-15,0,5,0,0,0,2,0.5625,0.536,0.867083,0.152979,1582.0,2971,4553,Sunday,Weekend
135,2011-05-16,0,5,0,1,1,1,0.5775,0.550512,0.787917,0.126871,773.0,3185,3958,Monday,Workday
136,2011-05-17,0,5,0,2,1,2,0.561667,0.538529,0.837917,0.277354,678.0,3445,4123,Tuesday,Workday
137,2011-05-18,0,5,0,3,1,2,0.55,0.527158,0.87,0.201492,536.0,3319,3855,Wednesday,Workday
138,2011-05-19,0,5,0,4,1,2,0.530833,0.510742,0.829583,0.108213,735.0,3840,4575,Thursday,Workday
139,2011-05-20,0,5,0,5,1,1,0.536667,0.529042,0.719583,0.125013,909.0,4008,4917,Friday,Workday
140,2011-05-21,0,5,0,6,0,1,0.6025,0.571975,0.626667,0.12065,2258.0,3547,5805,Saturday,Weekend
141,2011-05-22,0,5,0,0,0,1,0.604167,0.5745,0.749583,0.148008,1576.0,3084,4660,Sunday,Weekend
142,2011-05-23,0,5,0,1,1,2,0.631667,0.590296,0.81,0.233842,836.0,3438,4274,Monday,Workday
143,2011-05-24,0,5,0,2,1,2,0.66,0.604813,0.740833,0.207092,659.0,3833,4492,Tuesday,Workday
144,2011-05-25,0,5,0,3,1,1,0.660833,0.615542,0.69625,0.154233,740.0,4238,4978,Wednesday,Workday
145,2011-05-26,0,5,0,4,1,1,0.708333,0.654688,0.6775,0.199642,758.0,3919,4677,Thursday,Workday
146,2011-05-27,0,5,0,5,1,1,0.681667,0.637008,0.65375,0.240679,871.0,3808,4679,Friday,Workday
147,2011-05-28,0,5,0,6,0,1,0.655833,0.612379,0.729583,0.230092,2001.0,2757,4758,Saturday,Weekend
148,2011-05-29,0,5,0,0,0,1,0.6675,0.61555,0.81875,0.213938,2266.75,2433,4788,Sunday,Weekend
149,2011-05-30,0,5,1,1,0,1,0.733333,0.671092,0.685,0.131225,1549.0,2549,4098,Monday,Workday
150,2011-05-31,0,5,0,2,1,1,0.775,0.725383,0.636667,0.111329,673.0,3309,3982,Tuesday,Workday
151,2011-06-01,0,6,0,3,1,2,0.764167,0.720967,0.677083,0.207092,513.0,3461,3974,Wednesday,Workday
152,2011-06-02,0,6,0,4,1,1,0.715,0.643942,0.305,0.292287,736.0,4232,4968,Thursday,Workday
153,2011-06-03,0,6,0,5,1,1,0.62,0.587133,0.354167,0.253121,898.0,4414,5312,Friday,Workday
154,2011-06-04,0,6,0,6,0,1,0.635,0.594696,0.45625,0.123142,1869.0,3473,5342,Saturday,Weekend
155,2011-06-05,0,6,0,0,0,2,0.648333,0.616804,0.6525,0.138692,1685.0,3221,4906,Sunday,Weekend
156,2011-06-06,0,6,0,1,1,1,0.678333,0.621858,0.6,0.121896,673.0,3875,4548,Monday,Workday
157,2011-06-07,0,6,0,2,1,1,0.7075,0.65595,0.597917,0.187808,763.0,4070,4833,Tuesday,Workday
158,2011-06-08,0,6,0,3,1,1,0.775833,0.727279,0.622083,0.136817,676.0,3725,4401,Wednesday,Workday
159,2011-06-09,0,6,0,4,1,2,0.808333,0.757579,0.568333,0.149883,563.0,3352,3915,Thursday,Workday
160,2011-06-10,0,6,0,5,1,1,0.755,0.703292,0.605,0.140554,815.0,3771,4586,Friday,Workday
161,2011-06-11,0,6,0,6,0,1,0.725,0.678038,0.654583,0.15485,1729.0,3237,4966,Saturday,Weekend
162,2011-06-12,0,6,0,0,0,1,0.6925,0.643325,0.747917,0.163567,1467.0,2993,4460,Sunday,Weekend
163,2011-06-13,0,6,0,1,1,1,0.635,0.601654,0.494583,0.30535,863.0,4157,5020,Monday,Workday
164,2011-06-14,0,6,0,2,1,1,0.604167,0.591546,0.507083,0.269283,727.0,4164,4891,Tuesday,Workday
165,2011-06-15,0,6,0,3,1,1,0.626667,0.587754,0.471667,0.167912,769.0,4411,5180,Wednesday,Workday
166,2011-06-16,0,6,0,4,1,2,0.628333,0.595346,0.688333,0.206471,545.0,3222,3767,Thursday,Workday
167,2011-06-17,0,6,0,5,1,1,0.649167,0.600383,0.735833,0.143029,863.0,3981,4844,Friday,Workday
168,2011-06-18,0,6,0,6,0,1,0.696667,0.643954,0.670417,0.119408,1807.0,3312,5119,Saturday,Weekend
169,2011-06-19,0,6,0,0,0,2,0.699167,0.645846,0.666667,0.102,1639.0,3105,4744,Sunday,Weekend
170,2011-06-20,0,6,0,1,1,2,0.635,0.595346,0.74625,0.155475,699.0,3311,4010,Monday,Workday
171,2011-06-21,0,6,0,2,1,2,0.680833,0.637646,0.770417,0.171025,774.0,4061,4835,Tuesday,Workday
172,2011-06-22,0,6,0,3,1,1,0.733333,0.693829,0.7075,0.172262,661.0,3846,4507,Wednesday,Workday
173,2011-06-23,0,6,0,4,1,2,0.728333,0.693833,0.703333,0.238804,746.0,4044,4790,Thursday,Workday
174,2011-06-24,0,6,0,5,1,1,0.724167,0.656583,0.573333,0.222025,969.0,4022,4991,Friday,Workday
175,2011-06-25,0,6,0,6,0,1,0.695,0.643313,0.483333,0.209571,1782.0,3420,5202,Saturday,Weekend
176,2011-06-26,0,6,0,0,0,1,0.68,0.637629,0.513333,0.0945333,1920.0,3385,5305,Sunday,Weekend
177,2011-06-27,0,6,0,1,1,2,0.6825,0.637004,0.658333,0.107588,854.0,3854,4708,Monday,Workday
178,2011-06-28,0,6,0,2,1,1,0.744167,0.692558,0.634167,0.144283,732.0,3916,4648,Tuesday,Workday
179,2011-06-29,0,6,0,3,1,1,0.728333,0.654688,0.497917,0.261821,848.0,4377,5225,Wednesday,Workday
180,2011-06-30,0,6,0,4,1,1,0.696667,0.637008,0.434167,0.185312,1027.0,4488,5515,Thursday,Workday
181,2011-07-01,0,7,0,5,1,1,0.7225,0.652162,0.39625,0.102608,1246.0,4116,5362,Friday,Workday
182,2011-07-02,0,7,0,6,0,1,0.738333,0.667308,0.444583,0.115062,2204.0,2915,5119,Saturday,Weekend
183,2011-07-03,0,7,0,0,0,2,0.716667,0.668575,0.6825,0.228858,2266.75,2367,4649,Sunday,Weekend
184,2011-07-04,0,7,1,1,0,2,0.726667,0.665417,0.637917,0.0814792,2266.75,2978,6043,Monday,Workday
185,2011-07-05,0,7,0,2,1,1,0.746667,0.696338,0.590417,0.126258,1031.0,3634,4665,Tuesday,Workday
186,2011-07-06,0,7,0,3,1,1,0.72,0.685633,0.743333,0.149883,784.0,3845,4629,Wednesday,Workday
187,2011-07-07,0,7,0,4,1,1,0.75,0.686871,0.65125,0.1592,754.0,3838,4592,Thursday,Workday
188,2011-07-08,0,7,0,5,1,2,0.709167,0.670483,0.757917,0.225129,692.0,3348,4040,Friday,Workday
189,2011-07-09,0,7,0,6,0,1,0.733333,0.664158,0.609167,0.167912,1988.0,3348,5336,Saturday,Weekend
190,2011-07-10,0,7,0,0,0,1,0.7475,0.690025,0.578333,0.183471,1743.0,3138,4881,Sunday,Weekend
191,2011-07-11,0,7,0,1,1,1,0.7625,0.729804,0.635833,0.282337,723.0,3363,4086,Monday,Workday
192,2011-07-12,0,7,0,2,1,1,0.794167,0.739275,0.559167,0.200254,662.0,3596,4258,Tuesday,Workday
193,2011-07-13,0,7,0,3,1,1,0.746667,0.689404,0.631667,0.146133,748.0,3594,4342,Wednesday,Workday
194,2011-07-14,0,7,0,4,1,1,0.680833,0.635104,0.47625,0.240667,888.0,4196,5084,Thursday,Workday
195,2011-07-15,0,7,0,5,1,1,0.663333,0.624371,0.59125,0.182833,1318.0,4220,5538,Friday,Workday
196,2011-07-16,0,7,0,6,0,1,0.686667,0.638263,0.585,0.208342,2266.75,3505,5923,Saturday,Weekend
197,2011-07-17,0,7,0,0,0,1,0.719167,0.669833,0.604167,0.245033,2006.0,3296,5302,Sunday,Weekend
198,2011-07-18,0,7,0,1,1,1,0.746667,0.703925,0.65125,0.215804,841.0,3617,4458,Monday,Workday
199,2011-07-19,0,7,0,2,1,1,0.776667,0.747479,0.650417,0.1306,752.0,3789,4541,Tuesday,Workday
200,2011-07-20,0,7,0,3,1,1,0.768333,0.74685,0.707083,0.113817,644.0,3688,4332,Wednesday,Workday
201,2011-07-21,0,7,0,4,1,2,0.815,0.826371,0.69125,0.222021,632.0,3152,3784,Thursday,Workday
202,2011-07-22,0,7,0,5,1,1,0.848333,0.840896,0.580417,0.1331,562.0,2825,3387,Friday,Workday
203,2011-07-23,0,7,0,6,0,1,0.849167,0.804287,0.5,0.131221,987.0,2298,3285,Saturday,Weekend
204,2011-07-24,0,7,0,0,0,1,0.83,0.794829,0.550833,0.169171,1050.0,2556,3606,Sunday,Weekend
205,2011-07-25,0,7,0,1,1,1,0.743333,0.720958,0.757083,0.0908083,568.0,3272,3840,Monday,Workday
206,2011-07-26,0,7,0,2,1,1,0.771667,0.696979,0.540833,0.200258,750.0,3840,4590,Tuesday,Workday
207,2011-07-27,0,7,0,3,1,1,0.775,0.690667,0.402917,0.183463,755.0,3901,4656,Wednesday,Workday
208,2011-07-28,0,7,0,4,1,1,0.779167,0.7399,0.583333,0.178479,606.0,3784,4390,Thursday,Workday
209,2011-07-29,0,7,0,5,1,1,0.838333,0.785967,0.5425,0.174138,670.0,3176,3846,Friday,Workday
210,2011-07-30,0,7,0,6,0,1,0.804167,0.728537,0.465833,0.168537,1559.0,2916,4475,Saturday,Weekend
211,2011-07-31,0,7,0,0,0,1,0.805833,0.729796,0.480833,0.164813,1524.0,2778,4302,Sunday,Weekend
212,2011-08-01,0,8,0,1,1,1,0.771667,0.703292,0.550833,0.156717,729.0,3537,4266,Monday,Workday
213,2011-08-02,0,8,0,2,1,1,0.783333,0.707071,0.49125,0.20585,801.0,4044,4845,Tuesday,Workday
214,2011-08-03,0,8,0,3,1,2,0.731667,0.679937,0.6575,0.135583,467.0,3107,3574,Wednesday,Workday
215,2011-08-04,0,8,0,4,1,2,0.71,0.664788,0.7575,0.19715,799.0,3777,4576,Thursday,Workday
216,2011-08-05,0,8,0,5,1,1,0.710833,0.656567,0.630833,0.184696,1023.0,3843,4866,Friday,Workday
217,2011-08-06,0,8,0,6,0,2,0.716667,0.676154,0.755,0.22825,1521.0,2773,4294,Saturday,Weekend
218,2011-08-07,0,8,0,0,0,1,0.7425,0.715292,0.752917,0.201487,1298.0,2487,3785,Sunday,Weekend
219,2011-08-08,0,8,0,1,1,1,0.765,0.703283,0.592083,0.192175,846.0,3480,4326,Monday,Workday
220,2011-08-09,0,8,0,2,1,1,0.775,0.724121,0.570417,0.151121,907.0,3695,4602,Tuesday,Workday
221,2011-08-10,0,8,0,3,1,1,0.766667,0.684983,0.424167,0.200258,884.0,3896,4780,Wednesday,Workday
222,2011-08-11,0,8,0,4,1,1,0.7175,0.651521,0.42375,0.164796,812.0,3980,4792,Thursday,Workday
223,2011-08-12,0,8,0,5,1,1,0.708333,0.654042,0.415,0.125621,1051.0,3854,4905,Friday,Workday
224,2011-08-13,0,8,0,6,0,2,0.685833,0.645858,0.729583,0.211454,1504.0,2646,4150,Saturday,Weekend
225,2011-08-14,0,8,0,0,0,2,0.676667,0.624388,0.8175,0.222633,1338.0,2482,3820,Sunday,Weekend
226,2011-08-15,0,8,0,1,1,1,0.665833,0.616167,0.712083,0.208954,775.0,3563,4338,Monday,Workday
227,2011-08-16,0,8,0,2,1,1,0.700833,0.645837,0.578333,0.236329,721.0,4004,4725,Tuesday,Workday
228,2011-08-17,0,8,0,3,1,1,0.723333,0.666671,0.575417,0.143667,668.0,4026,4694,Wednesday,Workday
229,2011-08-18,0,8,0,4,1,1,0.711667,0.662258,0.654583,0.233208,639.0,3166,3805,Thursday,Workday
230,2011-08-19,0,8,0,5,1,2,0.685,0.633221,0.722917,0.139308,797.0,3356,4153,Friday,Workday
231,2011-08-20,0,8,0,6,0,1,0.6975,0.648996,0.674167,0.104467,1914.0,3277,5191,Saturday,Weekend
232,2011-08-21,0,8,0,0,0,1,0.710833,0.675525,0.77,0.248754,1249.0,2624,3873,Sunday,Weekend
233,2011-08-22,0,8,0,1,1,1,0.691667,0.638254,0.47,0.27675,833.0,3925,4758,Monday,Workday
234,2011-08-23,0,8,0,2,1,1,0.640833,0.606067,0.455417,0.146763,1281.0,4614,5895,Tuesday,Workday
235,2011-08-24,0,8,0,3,1,1,0.673333,0.630692,0.605,0.253108,949.0,4181,5130,Wednesday,Workday
236,2011-08-25,0,8,0,4,1,2,0.684167,0.645854,0.771667,0.210833,435.0,3107,3542,Thursday,Workday
237,2011-08-26,0,8,0,5,1,1,0.7,0.659733,0.76125,0.0839625,768.0,3893,4661,Friday,Workday
238,2011-08-27,0,8,0,6,0,2,0.68,0.635556,0.85,0.375617,226.0,889,1115,Saturday,Weekend
239,2011-08-28,0,8,0,0,0,1,0.707059,0.647959,0.561765,0.304659,1415.0,2919,4334,Sunday,Weekend
240,2011-08-29,0,8,0,1,1,1,0.636667,0.607958,0.554583,0.159825,729.0,3905,4634,Monday,Workday
241,2011-08-30,0,8,0,2,1,1,0.639167,0.594704,0.548333,0.125008,775.0,4429,5204,Tuesday,Workday
242,2011-08-31,0,8,0,3,1,1,0.656667,0.611121,0.597917,0.0833333,688.0,4370,5058,Wednesday,Workday
243,2011-09-01,0,9,0,4,1,1,0.655,0.614921,0.639167,0.141796,783.0,4332,5115,Thursday,Workday
244,2011-09-02,0,9,0,5,1,2,0.643333,0.604808,0.727083,0.139929,875.0,3852,4727,Friday,Workday
245,2011-09-03,0,9,0,6,0,1,0.669167,0.633213,0.716667,0.185325,1935.0,2549,4484,Saturday,Weekend
246,2011-09-04,0,9,0,0,0,1,0.709167,0.665429,0.742083,0.206467,2266.75,2419,4940,Sunday,Weekend
247,2011-09-05,0,9,1,1,0,2,0.673333,0.625646,0.790417,0.212696,1236.0,2115,3351,Monday,Workday
248,2011-09-06,0,9,0,2,1,3,0.54,0.5152,0.886957,0.343943,204.0,2506,2710,Tuesday,Workday
249,2011-09-07,0,9,0,3,1,3,0.599167,0.544229,0.917083,0.0970208,118.0,1878,1996,Wednesday,Workday
250,2011-09-08,0,9,0,4,1,3,0.633913,0.555361,0.939565,0.192748,153.0,1689,1842,Thursday,Workday
251,2011-09-09,0,9,0,5,1,2,0.65,0.578946,0.897917,0.124379,417.0,3127,3544,Friday,Workday
252,2011-09-10,0,9,0,6,0,1,0.66,0.607962,0.75375,0.153608,1750.0,3595,5345,Saturday,Weekend
253,2011-09-11,0,9,0,0,0,1,0.653333,0.609229,0.71375,0.115054,1633.0,3413,5046,Sunday,Weekend
254,2011-09-12,0,9,0,1,1,1,0.644348,0.60213,0.692174,0.088913,690.0,4023,4713,Monday,Workday
255,2011-09-13,0,9,0,2,1,1,0.650833,0.603554,0.7125,0.141804,701.0,4062,4763,Tuesday,Workday
256,2011-09-14,0,9,0,3,1,1,0.673333,0.6269,0.697083,0.1673,647.0,4138,4785,Wednesday,Workday
257,2011-09-15,0,9,0,4,1,2,0.5775,0.553671,0.709167,0.271146,428.0,3231,3659,Thursday,Workday
258,2011-09-16,0,9,0,5,1,2,0.469167,0.461475,0.590417,0.164183,742.0,4018,4760,Friday,Workday
259,2011-09-17,0,9,0,6,0,2,0.491667,0.478512,0.718333,0.189675,1434.0,3077,4511,Saturday,Weekend
260,2011-09-18,0,9,0,0,0,1,0.5075,0.490537,0.695,0.178483,1353.0,2921,4274,Sunday,Weekend
261,2011-09-19,0,9,0,1,1,2,0.549167,0.529675,0.69,0.151742,691.0,3848,4539,Monday,Workday
262,2011-09-20,0,9,0,2,1,2,0.561667,0.532217,0.88125,0.134954,438.0,3203,3641,Tuesday,Workday
263,2011-09-21,0,9,0,3,1,2,0.595,0.550533,0.9,0.0964042,539.0,3813,4352,Wednesday,Workday
264,2011-09-22,0,9,0,4,1,2,0.628333,0.554963,0.902083,0.128125,555.0,4240,4795,Thursday,Workday
265,2011-09-23,0,9,0,5,1,2,0.609167,0.522125,0.9725,0.0783667,258.0,2137,2395,Friday,Workday
266,2011-09-24,0,9,0,6,0,2,0.606667,0.564412,0.8625,0.0783833,1776.0,3647,5423,Saturday,Weekend
267,2011-09-25,0,9,0,0,0,2,0.634167,0.572637,0.845,0.0503792,1544.0,3466,5010,Sunday,Weekend
268,2011-09-26,0,9,0,1,1,2,0.649167,0.589042,0.848333,0.1107,684.0,3946,4630,Monday,Workday
269,2011-09-27,0,9,0,2,1,2,0.636667,0.574525,0.885417,0.118171,477.0,3643,4120,Tuesday,Workday
270,2011-09-28,0,9,0,3,1,2,0.635,0.575158,0.84875,0.148629,480.0,3427,3907,Wednesday,Workday
271,2011-09-29,0,9,0,4,1,1,0.616667,0.574512,0.699167,0.172883,653.0,4186,4839,Thursday,Workday
272,2011-09-30,0,9,0,5,1,1,0.564167,0.544829,0.6475,0.206475,830.0,4372,5202,Friday,Workday
273,2011-10-01,0,10,0,6,0,2,0.41,0.412863,0.75375,0.292296,480.0,1949,2429,Saturday,Weekend
274,2011-10-02,0,10,0,0,0,2,0.356667,0.345317,0.791667,0.222013,616.0,2302,2918,Sunday,Weekend
275,2011-10-03,0,10,0,1,1,2,0.384167,0.392046,0.760833,0.0833458,330.0,3240,3570,Monday,Workday
276,2011-10-04,0,10,0,2,1,1,0.484167,0.472858,0.71,0.205854,486.0,3970,4456,Tuesday,Workday
277,2011-10-05,0,10,0,3,1,1,0.538333,0.527138,0.647917,0.17725,559.0,4267,4826,Wednesday,Workday
278,2011-10-06,0,10,0,4,1,1,0.494167,0.480425,0.620833,0.134954,639.0,4126,4765,Thursday,Workday
279,2011-10-07,0,10,0,5,1,1,0.510833,0.504404,0.684167,0.0223917,949.0,4036,4985,Friday,Workday
280,2011-10-08,0,10,0,6,0,1,0.521667,0.513242,0.70125,0.0454042,2235.0,3174,5409,Saturday,Weekend
281,2011-10-09,0,10,0,0,0,1,0.540833,0.523983,0.7275,0.06345,2266.75,3114,5511,Sunday,Weekend
282,2011-10-10,0,10,1,1,0,1,0.570833,0.542925,0.73375,0.0423042,1514.0,3603,5117,Monday,Workday
283,2011-10-11,0,10,0,2,1,2,0.566667,0.546096,0.80875,0.143042,667.0,3896,4563,Tuesday,Workday
284,2011-10-12,0,10,0,3,1,3,0.543333,0.517717,0.90625,0.24815,217.0,2199,2416,Wednesday,Workday
285,2011-10-13,0,10,0,4,1,2,0.589167,0.551804,0.896667,0.141787,290.0,2623,2913,Thursday,Workday
286,2011-10-14,0,10,0,5,1,2,0.550833,0.529675,0.71625,0.223883,529.0,3115,3644,Friday,Workday
287,2011-10-15,0,10,0,6,0,1,0.506667,0.498725,0.483333,0.258083,1899.0,3318,5217,Saturday,Weekend
288,2011-10-16,0,10,0,0,0,1,0.511667,0.503154,0.486667,0.281717,1748.0,3293,5041,Sunday,Weekend
289,2011-10-17,0,10,0,1,1,1,0.534167,0.510725,0.579583,0.175379,713.0,3857,4570,Monday,Workday
290,2011-10-18,0,10,0,2,1,2,0.5325,0.522721,0.701667,0.110087,637.0,4111,4748,Tuesday,Workday
291,2011-10-19,0,10,0,3,1,3,0.541739,0.513848,0.895217,0.243339,254.0,2170,2424,Wednesday,Workday
292,2011-10-20,0,10,0,4,1,1,0.475833,0.466525,0.63625,0.38061125,471.0,3724,4195,Thursday,Workday
293,2011-10-21,0,10,0,5,1,1,0.4275,0.423596,0.574167,0.221396,676.0,3628,4304,Friday,Workday
294,2011-10-22,0,10,0,6,0,1,0.4225,0.425492,0.629167,0.0926667,1499.0,2809,4308,Saturday,Weekend
295,2011-10-23,0,10,0,0,0,1,0.421667,0.422333,0.74125,0.0995125,1619.0,2762,4381,Sunday,Weekend
296,2011-10-24,0,10,0,1,1,1,0.463333,0.457067,0.772083,0.118792,699.0,3488,4187,Monday,Workday
297,2011-10-25,0,10,0,2,1,1,0.471667,0.463375,0.622917,0.166658,695.0,3992,4687,Tuesday,Workday
298,2011-10-26,0,10,0,3,1,2,0.484167,0.472846,0.720417,0.148642,404.0,3490,3894,Wednesday,Workday
299,2011-10-27,0,10,0,4,1,2,0.47,0.457046,0.812917,0.197763,240.0,2419,2659,Thursday,Workday
300,2011-10-28,0,10,0,5,1,2,0.330833,0.318812,0.585833,0.229479,456.0,3291,3747,Friday,Workday
301,2011-10-29,0,10,0,6,0,3,0.254167,0.227913,0.8825,0.351371,57.0,570,627,Saturday,Weekend
302,2011-10-30,0,10,0,0,0,1,0.319167,0.321329,0.62375,0.176617,885.0,2446,3331,Sunday,Weekend
303,2011-10-31,0,10,0,1,1,1,0.34,0.356063,0.703333,0.10635,362.0,3307,3669,Monday,Workday
304,2011-11-01,0,11,0,2,1,1,0.400833,0.397088,0.68375,0.135571,410.0,3658,4068,Tuesday,Workday
305,2011-11-02,0,11,0,3,1,1,0.3775,0.390133,0.71875,0.0820917,370.0,3816,4186,Wednesday,Workday
306,2011-11-03,0,11,0,4,1,1,0.408333,0.405921,0.702083,0.136817,318.0,3656,3974,Thursday,Workday
307,2011-11-04,0,11,0,5,1,2,0.403333,0.403392,0.6225,0.271779,470.0,3576,4046,Friday,Workday
308,2011-11-05,0,11,0,6,0,1,0.326667,0.323854,0.519167,0.189062,1156.0,2770,3926,Saturday,Weekend
309,2011-11-06,0,11,0,0,0,1,0.348333,0.362358,0.734583,0.0920542,952.0,2697,3649,Sunday,Weekend
310,2011-11-07,0,11,0,1,1,1,0.395,0.400871,0.75875,0.057225,373.0,3662,4035,Monday,Workday
311,2011-11-08,0,11,0,2,1,1,0.408333,0.412246,0.721667,0.0690375,376.0,3829,4205,Tuesday,Workday
312,2011-11-09,0,11,0,3,1,1,0.4,0.409079,0.758333,0.0621958,305.0,3804,4109,Wednesday,Workday
313,2011-11-10,0,11,0,4,1,2,0.38,0.373721,0.813333,0.189067,190.0,2743,2933,Thursday,Workday
314,2011-11-11,0,11,1,5,0,1,0.324167,0.306817,0.44625,0.314675,440.0,2928,3368,Friday,Workday
315,2011-11-12,0,11,0,6,0,1,0.356667,0.357942,0.552917,0.212062,1275.0,2792,4067,Saturday,Weekend
316,2011-11-13,0,11,0,0,0,1,0.440833,0.43055,0.458333,0.281721,1004.0,2713,3717,Sunday,Weekend
317,2011-11-14,0,11,0,1,1,1,0.53,0.524612,0.587083,0.306596,595.0,3891,4486,Monday,Workday
318,2011-11-15,0,11,0,2,1,2,0.53,0.507579,0.68875,0.199633,449.0,3746,4195,Tuesday,Workday
319,2011-11-16,0,11,0,3,1,3,0.456667,0.451988,0.93,0.136829,145.0,1672,1817,Wednesday,Workday
320,2011-11-17,0,11,0,4,1,2,0.341667,0.323221,0.575833,0.305362,139.0,2914,3053,Thursday,Workday
321,2011-11-18,0,11,0,5,1,1,0.274167,0.272721,0.41,0.168533,245.0,3147,3392,Friday,Workday
322,2011-11-19,0,11,0,6,0,1,0.329167,0.324483,0.502083,0.224496,943.0,2720,3663,Saturday,Weekend
323,2011-11-20,0,11,0,0,0,2,0.463333,0.457058,0.684583,0.18595,787.0,2733,3520,Sunday,Weekend
324,2011-11-21,0,11,0,1,1,3,0.4475,0.445062,0.91,0.138054,220.0,2545,2765,Monday,Workday
325,2011-11-22,0,11,0,2,1,3,0.416667,0.421696,0.9625,0.118792,69.0,1538,1607,Tuesday,Workday
326,2011-11-23,0,11,0,3,1,2,0.440833,0.430537,0.757917,0.335825,112.0,2454,2566,Wednesday,Workday
327,2011-11-24,0,11,1,4,0,1,0.373333,0.372471,0.549167,0.167304,560.0,935,1495,Thursday,Workday
328,2011-11-25,0,11,0,5,1,1,0.375,0.380671,0.64375,0.0988958,1095.0,1697,2792,Friday,Workday
329,2011-11-26,0,11,0,6,0,1,0.375833,0.385087,0.681667,0.0684208,1249.0,1819,3068,Saturday,Weekend
330,2011-11-27,0,11,0,0,0,1,0.459167,0.4558,0.698333,0.208954,810.0,2261,3071,Sunday,Weekend
331,2011-11-28,0,11,0,1,1,1,0.503478,0.490122,0.743043,0.142122,253.0,3614,3867,Monday,Workday
332,2011-11-29,0,11,0,2,1,2,0.458333,0.451375,0.830833,0.258092,96.0,2818,2914,Tuesday,Workday
333,2011-11-30,0,11,0,3,1,1,0.325,0.311221,0.613333,0.271158,188.0,3425,3613,Wednesday,Workday
334,2011-12-01,0,12,0,4,1,1,0.3125,0.305554,0.524583,0.220158,182.0,3545,3727,Thursday,Workday
335,2011-12-02,0,12,0,5,1,1,0.314167,0.331433,0.625833,0.100754,268.0,3672,3940,Friday,Workday
336,2011-12-03,0,12,0,6,0,1,0.299167,0.310604,0.612917,0.0957833,706.0,2908,3614,Saturday,Weekend
337,2011-12-04,0,12,0,0,0,1,0.330833,0.3491,0.775833,0.0839583,634.0,2851,3485,Sunday,Weekend
338,2011-12-05,0,12,0,1,1,2,0.385833,0.393925,0.827083,0.0622083,233.0,3578,3811,Monday,Workday
339,2011-12-06,0,12,0,2,1,3,0.4625,0.4564,0.949583,0.232583,126.0,2468,2594,Tuesday,Workday
340,2011-12-07,0,12,0,3,1,3,0.41,0.400246,0.970417,0.266175,50.0,655,705,Wednesday,Workday
341,2011-12-08,0,12,0,4,1,1,0.265833,0.256938,0.58,0.240058,150.0,3172,3322,Thursday,Workday
342,2011-12-09,0,12,0,5,1,1,0.290833,0.317542,0.695833,0.0827167,261.0,3359,3620,Friday,Workday
343,2011-12-10,0,12,0,6,0,1,0.275,0.266412,0.5075,0.233221,502.0,2688,3190,Saturday,Weekend
344,2011-12-11,0,12,0,0,0,1,0.220833,0.253154,0.49,0.0665417,377.0,2366,2743,Sunday,Weekend
345,2011-12-12,0,12,0,1,1,1,0.238333,0.270196,0.670833,0.06345,143.0,3167,3310,Monday,Workday
346,2011-12-13,0,12,0,2,1,1,0.2825,0.301138,0.59,0.14055,155.0,3368,3523,Tuesday,Workday
347,2011-12-14,0,12,0,3,1,2,0.3175,0.338362,0.66375,0.0609583,178.0,3562,3740,Wednesday,Workday
348,2011-12-15,0,12,0,4,1,2,0.4225,0.412237,0.634167,0.268042,181.0,3528,3709,Thursday,Workday
349,2011-12-16,0,12,0,5,1,2,0.375,0.359825,0.500417,0.260575,178.0,3399,3577,Friday,Workday
350,2011-12-17,0,12,0,6,0,2,0.258333,0.249371,0.560833,0.243167,275.0,2464,2739,Saturday,Weekend
351,2011-12-18,0,12,0,0,0,1,0.238333,0.245579,0.58625,0.169779,220.0,2211,2431,Sunday,Weekend
352,2011-12-19,0,12,0,1,1,1,0.276667,0.280933,0.6375,0.172896,260.0,3143,3403,Monday,Workday
353,2011-12-20,0,12,0,2,1,2,0.385833,0.396454,0.595417,0.0615708,216.0,3534,3750,Tuesday,Workday
354,2011-12-21,0,12,0,3,1,2,0.428333,0.428017,0.858333,0.2214,107.0,2553,2660,Wednesday,Workday
355,2011-12-22,0,12,0,4,1,2,0.423333,0.426121,0.7575,0.047275,227.0,2841,3068,Thursday,Workday
356,2011-12-23,0,12,0,5,1,1,0.373333,0.377513,0.68625,0.274246,163.0,2046,2209,Friday,Workday
357,2011-12-24,0,12,0,6,0,1,0.3025,0.299242,0.5425,0.190304,155.0,856,1011,Saturday,Weekend
358,2011-12-25,0,12,0,0,0,1,0.274783,0.279961,0.681304,0.155091,303.0,451,754,Sunday,Weekend
359,2011-12-26,0,12,1,1,0,1,0.321739,0.315535,0.506957,0.239465,430.0,887,1317,Monday,Workday
360,2011-12-27,0,12,0,2,1,2,0.325,0.327633,0.7625,0.18845,103.0,1059,1162,Tuesday,Workday
361,2011-12-28,0,12,0,3,1,1,0.29913,0.279974,0.503913,0.293961,255.0,2047,2302,Wednesday,Workday
362,2011-12-29,0,12,0,4,1,1,0.248333,0.263892,0.574167,0.119412,254.0,2169,2423,Thursday,Workday
363,2011-12-30,0,12,0,5,1,1,0.311667,0.318812,0.636667,0.134337,491.0,2508,2999,Friday,Workday
364,2011-12-31,0,12,0,6,0,1,0.41,0.414121,0.615833,0.220154,665.0,1820,2485,Saturday,Weekend
365,2012-01-01,1,1,0,0,0,1,0.37,0.375621,0.6925,0.192167,686.0,1608,2294,Sunday,Weekend
366,2012-01-02,1,1,1,1,0,1,0.273043,0.252304,0.381304,0.329665,244.0,1707,1951,Monday,Workday
367,2012-01-03,1,1,0,2,1,1,0.15,0.126275,0.44125,0.365671,89.0,2147,2236,Tuesday,Workday
368,2012-01-04,1,1,0,3,1,2,0.1075,0.119337,0.414583,0.1847,95.0,2273,2368,Wednesday,Workday
369,2012-01-05,1,1,0,4,1,1,0.265833,0.278412,0.524167,0.129987,140.0,3132,3272,Thursday,Workday
370,2012-01-06,1,1,0,5,1,1,0.334167,0.340267,0.542083,0.167908,307.0,3791,4098,Friday,Workday
371,2012-01-07,1,1,0,6,0,1,0.393333,0.390779,0.531667,0.174758,1070.0,3451,4521,Saturday,Weekend
372,2012-01-08,1,1,0,0,0,1,0.3375,0.340258,0.465,0.191542,599.0,2826,3425,Sunday,Weekend
373,2012-01-09,1,1,0,1,1,2,0.224167,0.247479,0.701667,0.0989,106.0,2270,2376,Monday,Workday
374,2012-01-10,1,1,0,2,1,1,0.308696,0.318826,0.646522,0.187552,173.0,3425,3598,Tuesday,Workday
375,2012-01-11,1,1,0,3,1,2,0.274167,0.282821,0.8475,0.131221,92.0,2085,2177,Wednesday,Workday
376,2012-01-12,1,1,0,4,1,2,0.3825,0.381938,0.802917,0.180967,269.0,3828,4097,Thursday,Workday
377,2012-01-13,1,1,0,5,1,1,0.274167,0.249362,0.5075,0.378108,174.0,3040,3214,Friday,Workday
378,2012-01-14,1,1,0,6,0,1,0.18,0.183087,0.4575,0.187183,333.0,2160,2493,Saturday,Weekend
379,2012-01-15,1,1,0,0,0,1,0.166667,0.161625,0.419167,0.251258,284.0,2027,2311,Sunday,Weekend
380,2012-01-16,1,1,1,1,0,1,0.19,0.190663,0.5225,0.231358,217.0,2081,2298,Monday,Workday
381,2012-01-17,1,1,0,2,1,2,0.373043,0.364278,0.716087,0.34913,127.0,2808,2935,Tuesday,Workday
382,2012-01-18,1,1,0,3,1,1,0.303333,0.275254,0.443333,0.38061125,109.0,3267,3376,Wednesday,Workday
383,2012-01-19,1,1,0,4,1,1,0.19,0.190038,0.4975,0.220158,130.0,3162,3292,Thursday,Workday
384,2012-01-20,1,1,0,5,1,2,0.2175,0.220958,0.45,0.20275,115.0,3048,3163,Friday,Workday
385,2012-01-21,1,1,0,6,0,2,0.173333,0.174875,0.83125,0.222642,67.0,1234,1301,Saturday,Weekend
386,2012-01-22,1,1,0,0,0,2,0.1625,0.16225,0.79625,0.199638,196.0,1781,1977,Sunday,Weekend
387,2012-01-23,1,1,0,1,1,2,0.218333,0.243058,0.91125,0.110708,145.0,2287,2432,Monday,Workday
388,2012-01-24,1,1,0,2,1,1,0.3425,0.349108,0.835833,0.123767,439.0,3900,4339,Tuesday,Workday
389,2012-01-25,1,1,0,3,1,1,0.294167,0.294821,0.64375,0.161071,467.0,3803,4270,Wednesday,Workday
390,2012-01-26,1,1,0,4,1,2,0.341667,0.35605,0.769583,0.0733958,244.0,3831,4075,Thursday,Workday
391,2012-01-27,1,1,0,5,1,2,0.425,0.415383,0.74125,0.342667,269.0,3187,3456,Friday,Workday
392,2012-01-28,1,1,0,6,0,1,0.315833,0.326379,0.543333,0.210829,775.0,3248,4023,Saturday,Weekend
393,2012-01-29,1,1,0,0,0,1,0.2825,0.272721,0.31125,0.24005,558.0,2685,3243,Sunday,Weekend
394,2012-01-30,1,1,0,1,1,1,0.269167,0.262625,0.400833,0.215792,126.0,3498,3624,Monday,Workday
395,2012-01-31,1,1,0,2,1,1,0.39,0.381317,0.416667,0.261817,324.0,4185,4509,Tuesday,Workday
396,2012-02-01,1,2,0,3,1,1,0.469167,0.466538,0.507917,0.189067,304.0,4275,4579,Wednesday,Workday
397,2012-02-02,1,2,0,4,1,2,0.399167,0.398971,0.672917,0.187187,190.0,3571,3761,Thursday,Workday
398,2012-02-03,1,2,0,5,1,1,0.313333,0.309346,0.526667,0.178496,310.0,3841,4151,Friday,Workday
399,2012-02-04,1,2,0,6,0,2,0.264167,0.272725,0.779583,0.121896,384.0,2448,2832,Saturday,Weekend
400,2012-02-05,1,2,0,0,0,2,0.265833,0.264521,0.687917,0.175996,318.0,2629,2947,Sunday,Weekend
401,2012-02-06,1,2,0,1,1,1,0.282609,0.296426,0.622174,0.1538,206.0,3578,3784,Monday,Workday
402,2012-02-07,1,2,0,2,1,1,0.354167,0.361104,0.49625,0.147379,199.0,4176,4375,Tuesday,Workday
403,2012-02-08,1,2,0,3,1,2,0.256667,0.266421,0.722917,0.133721,109.0,2693,2802,Wednesday,Workday
404,2012-02-09,1,2,0,4,1,1,0.265,0.261988,0.562083,0.194037,163.0,3667,3830,Thursday,Workday
405,2012-02-10,1,2,0,5,1,2,0.280833,0.293558,0.54,0.116929,227.0,3604,3831,Friday,Workday
406,2012-02-11,1,2,0,6,0,3,0.224167,0.210867,0.73125,0.289796,192.0,1977,2169,Saturday,Weekend
407,2012-02-12,1,2,0,0,0,1,0.1275,0.101658,0.464583,0.38061125,73.0,1456,1529,Sunday,Weekend
408,2012-02-13,1,2,0,1,1,1,0.2225,0.227913,0.41125,0.167283,94.0,3328,3422,Monday,Workday
409,2012-02-14,1,2,0,2,1,2,0.319167,0.333946,0.50875,0.141179,135.0,3787,3922,Tuesday,Workday
410,2012-02-15,1,2,0,3,1,1,0.348333,0.351629,0.53125,0.1816,141.0,4028,4169,Wednesday,Workday
411,2012-02-16,1,2,0,4,1,2,0.316667,0.330162,0.752917,0.091425,74.0,2931,3005,Thursday,Workday
412,2012-02-17,1,2,0,5,1,1,0.343333,0.351629,0.634583,0.205846,349.0,3805,4154,Friday,Workday
413,2012-02-18,1,2,0,6,0,1,0.346667,0.355425,0.534583,0.190929,1435.0,2883,4318,Saturday,Weekend
414,2012-02-19,1,2,0,0,0,2,0.28,0.265788,0.515833,0.253112,618.0,2071,2689,Sunday,Weekend
415,2012-02-20,1,2,1,1,0,1,0.28,0.273391,0.507826,0.229083,502.0,2627,3129,Monday,Workday
416,2012-02-21,1,2,0,2,1,1,0.287826,0.295113,0.594348,0.205717,163.0,3614,3777,Tuesday,Workday
417,2012-02-22,1,2,0,3,1,1,0.395833,0.392667,0.567917,0.234471,394.0,4379,4773,Wednesday,Workday
418,2012-02-23,1,2,0,4,1,1,0.454167,0.444446,0.554583,0.190913,516.0,4546,5062,Thursday,Workday
419,2012-02-24,1,2,0,5,1,2,0.4075,0.410971,0.7375,0.237567,246.0,3241,3487,Friday,Workday
420,2012-02-25,1,2,0,6,0,1,0.290833,0.255675,0.395833,0.38061125,317.0,2415,2732,Saturday,Weekend
421,2012-02-26,1,2,0,0,0,1,0.279167,0.268308,0.41,0.205229,515.0,2874,3389,Sunday,Weekend
422,2012-02-27,1,2,0,1,1,1,0.366667,0.357954,0.490833,0.268033,253.0,4069,4322,Monday,Workday
423,2012-02-28,1,2,0,2,1,1,0.359167,0.353525,0.395833,0.193417,229.0,4134,4363,Tuesday,Workday
424,2012-02-29,1,2,0,3,1,2,0.344348,0.34847,0.804783,0.179117,65.0,1769,1834,Wednesday,Workday
425,2012-03-01,1,3,0,4,1,1,0.485833,0.475371,0.615417,0.226987,325.0,4665,4990,Thursday,Workday
426,2012-03-02,1,3,0,5,1,2,0.353333,0.359842,0.657083,0.144904,246.0,2948,3194,Friday,Workday
427,2012-03-03,1,3,0,6,0,2,0.414167,0.413492,0.62125,0.161079,956.0,3110,4066,Saturday,Weekend
428,2012-03-04,1,3,0,0,0,1,0.325833,0.303021,0.403333,0.334571,710.0,2713,3423,Sunday,Weekend
429,2012-03-05,1,3,0,1,1,1,0.243333,0.241171,0.50625,0.228858,203.0,3130,3333,Monday,Workday
430,2012-03-06,1,3,0,2,1,1,0.258333,0.255042,0.456667,0.200875,221.0,3735,3956,Tuesday,Workday
431,2012-03-07,1,3,0,3,1,1,0.404167,0.3851,0.513333,0.345779,432.0,4484,4916,Wednesday,Workday
432,2012-03-08,1,3,0,4,1,1,0.5275,0.524604,0.5675,0.38061125,486.0,4896,5382,Thursday,Workday
433,2012-03-09,1,3,0,5,1,2,0.410833,0.397083,0.407083,0.38061125,447.0,4122,4569,Friday,Workday
434,2012-03-10,1,3,0,6,0,1,0.2875,0.277767,0.350417,0.22575,968.0,3150,4118,Saturday,Weekend
435,2012-03-11,1,3,0,0,0,1,0.361739,0.35967,0.476957,0.222587,1658.0,3253,4911,Sunday,Weekend
436,2012-03-12,1,3,0,1,1,1,0.466667,0.459592,0.489167,0.207713,838.0,4460,5298,Monday,Workday
437,2012-03-13,1,3,0,2,1,1,0.565,0.542929,0.6175,0.23695,762.0,5085,5847,Tuesday,Workday
438,2012-03-14,1,3,0,3,1,1,0.5725,0.548617,0.507083,0.115062,997.0,5315,6312,Wednesday,Workday
439,2012-03-15,1,3,0,4,1,1,0.5575,0.532825,0.579583,0.149883,1005.0,5187,6192,Thursday,Workday
440,2012-03-16,1,3,0,5,1,2,0.435833,0.436229,0.842083,0.113192,548.0,3830,4378,Friday,Workday
441,2012-03-17,1,3,0,6,0,2,0.514167,0.505046,0.755833,0.110704,2266.75,4681,7836,Saturday,Weekend
442,2012-03-18,1,3,0,0,0,2,0.4725,0.464,0.81,0.126883,2207.0,3685,5892,Sunday,Weekend
443,2012-03-19,1,3,0,1,1,1,0.545,0.532821,0.72875,0.162317,982.0,5171,6153,Monday,Workday
444,2012-03-20,1,3,0,2,1,1,0.560833,0.538533,0.807917,0.121271,1051.0,5042,6093,Tuesday,Workday
445,2012-03-21,1,3,0,3,1,2,0.531667,0.513258,0.82125,0.0895583,1122.0,5108,6230,Wednesday,Workday
446,2012-03-22,1,3,0,4,1,1,0.554167,0.531567,0.83125,0.117562,1334.0,5537,6871,Thursday,Workday
447,2012-03-23,1,3,0,5,1,2,0.601667,0.570067,0.694167,0.1163,2266.75,5893,8362,Friday,Workday
448,2012-03-24,1,3,0,6,0,2,0.5025,0.486733,0.885417,0.192783,1033.0,2339,3372,Saturday,Weekend
449,2012-03-25,1,3,0,0,0,2,0.4375,0.437488,0.880833,0.220775,1532.0,3464,4996,Sunday,Weekend
450,2012-03-26,1,3,0,1,1,1,0.445833,0.43875,0.477917,0.38061125,795.0,4763,5558,Monday,Workday
451,2012-03-27,1,3,0,2,1,1,0.323333,0.315654,0.29,0.187192,531.0,4571,5102,Tuesday,Workday
452,2012-03-28,1,3,0,3,1,1,0.484167,0.47095,0.48125,0.291671,674.0,5024,5698,Wednesday,Workday
453,2012-03-29,1,3,0,4,1,1,0.494167,0.482304,0.439167,0.31965,834.0,5299,6133,Thursday,Workday
454,2012-03-30,1,3,0,5,1,2,0.37,0.375621,0.580833,0.138067,796.0,4663,5459,Friday,Workday
455,2012-03-31,1,3,0,6,0,2,0.424167,0.421708,0.738333,0.250617,2266.75,3934,6235,Saturday,Weekend
456,2012-04-01,1,4,0,0,0,2,0.425833,0.417287,0.67625,0.172267,2266.75,3694,6041,Sunday,Weekend
457,2012-04-02,1,4,0,1,1,1,0.433913,0.427513,0.504348,0.312139,1208.0,4728,5936,Monday,Workday
458,2012-04-03,1,4,0,2,1,1,0.466667,0.461483,0.396667,0.100133,1348.0,5424,6772,Tuesday,Workday
459,2012-04-04,1,4,0,3,1,1,0.541667,0.53345,0.469583,0.180975,1058.0,5378,6436,Wednesday,Workday
460,2012-04-05,1,4,0,4,1,1,0.435,0.431163,0.374167,0.219529,1192.0,5265,6457,Thursday,Workday
461,2012-04-06,1,4,0,5,1,1,0.403333,0.390767,0.377083,0.300388,1807.0,4653,6460,Friday,Workday
462,2012-04-07,1,4,0,6,0,1,0.4375,0.426129,0.254167,0.274871,2266.75,3605,6857,Saturday,Weekend
463,2012-04-08,1,4,0,0,0,1,0.5,0.492425,0.275833,0.232596,2230.0,2939,5169,Sunday,Weekend
464,2012-04-09,1,4,0,1,1,1,0.489167,0.476638,0.3175,0.358196,905.0,4680,5585,Monday,Workday
465,2012-04-10,1,4,0,2,1,1,0.446667,0.436233,0.435,0.249375,819.0,5099,5918,Tuesday,Workday
466,2012-04-11,1,4,0,3,1,1,0.348696,0.337274,0.469565,0.295274,482.0,4380,4862,Wednesday,Workday
467,2012-04-12,1,4,0,4,1,1,0.3975,0.387604,0.46625,0.290429,663.0,4746,5409,Thursday,Workday
468,2012-04-13,1,4,0,5,1,1,0.4425,0.431808,0.408333,0.155471,1252.0,5146,6398,Friday,Workday
469,2012-04-14,1,4,0,6,0,1,0.495,0.487996,0.502917,0.190917,2266.75,4665,7460,Saturday,Weekend
470,2012-04-15,1,4,0,0,0,1,0.606667,0.573875,0.507917,0.225129,2266.75,4286,7132,Sunday,Weekend
471,2012-04-16,1,4,1,1,0,1,0.664167,0.614925,0.561667,0.284829,1198.0,5172,6370,Monday,Workday
472,2012-04-17,1,4,0,2,1,1,0.608333,0.598487,0.390417,0.273629,989.0,5702,6691,Tuesday,Workday
473,2012-04-18,1,4,0,3,1,2,0.463333,0.457038,0.569167,0.167912,347.0,4020,4367,Wednesday,Workday
474,2012-04-19,1,4,0,4,1,1,0.498333,0.493046,0.6125,0.0659292,846.0,5719,6565,Thursday,Workday
475,2012-04-20,1,4,0,5,1,1,0.526667,0.515775,0.694583,0.149871,1340.0,5950,7290,Friday,Workday
476,2012-04-21,1,4,0,6,0,1,0.57,0.542921,0.682917,0.283587,2266.75,4083,6624,Saturday,Weekend
477,2012-04-22,1,4,0,0,0,3,0.396667,0.389504,0.835417,0.344546,120.0,907,1027,Sunday,Weekend
478,2012-04-23,1,4,0,1,1,2,0.321667,0.301125,0.766667,0.303496,195.0,3019,3214,Monday,Workday
479,2012-04-24,1,4,0,2,1,1,0.413333,0.405283,0.454167,0.249383,518.0,5115,5633,Tuesday,Workday
480,2012-04-25,1,4,0,3,1,1,0.476667,0.470317,0.427917,0.118792,655.0,5541,6196,Wednesday,Workday
481,2012-04-26,1,4,0,4,1,2,0.498333,0.483583,0.756667,0.176625,475.0,4551,5026,Thursday,Workday
482,2012-04-27,1,4,0,5,1,1,0.4575,0.452637,0.400833,0.347633,1014.0,5219,6233,Friday,Workday
483,2012-04-28,1,4,0,6,0,2,0.376667,0.377504,0.489583,0.129975,1120.0,3100,4220,Saturday,Weekend
484,2012-04-29,1,4,0,0,0,1,0.458333,0.450121,0.587083,0.116908,2229.0,4075,6304,Sunday,Weekend
485,2012-04-30,1,4,0,1,1,2,0.464167,0.457696,0.57,0.171638,665.0,4907,5572,Monday,Workday
486,2012-05-01,1,5,0,2,1,2,0.613333,0.577021,0.659583,0.156096,653.0,5087,5740,Tuesday,Workday
487,2012-05-02,1,5,0,3,1,1,0.564167,0.537896,0.797083,0.138058,667.0,5502,6169,Wednesday,Workday
488,2012-05-03,1,5,0,4,1,2,0.56,0.537242,0.768333,0.133696,764.0,5657,6421,Thursday,Workday
489,2012-05-04,1,5,0,5,1,1,0.6275,0.590917,0.735417,0.162938,1069.0,5227,6296,Friday,Workday
490,2012-05-05,1,5,0,6,0,2,0.621667,0.584608,0.756667,0.152992,2266.75,4387,6883,Saturday,Weekend
491,2012-05-06,1,5,0,0,0,2,0.5625,0.546737,0.74,0.149879,2135.0,4224,6359,Sunday,Weekend
492,2012-05-07,1,5,0,1,1,2,0.5375,0.527142,0.664167,0.230721,1008.0,5265,6273,Monday,Workday
493,2012-05-08,1,5,0,2,1,2,0.581667,0.557471,0.685833,0.296029,738.0,4990,5728,Tuesday,Workday
494,2012-05-09,1,5,0,3,1,2,0.575,0.553025,0.744167,0.216412,620.0,4097,4717,Wednesday,Workday
495,2012-05-10,1,5,0,4,1,1,0.505833,0.491783,0.552083,0.314063,1026.0,5546,6572,Thursday,Workday
496,2012-05-11,1,5,0,5,1,1,0.533333,0.520833,0.360417,0.236937,1319.0,5711,7030,Friday,Workday
497,2012-05-12,1,5,0,6,0,1,0.564167,0.544817,0.480417,0.123133,2266.75,4807,7429,Saturday,Weekend
498,2012-05-13,1,5,0,0,0,1,0.6125,0.585238,0.57625,0.225117,2172.0,3946,6118,Sunday,Weekend
499,2012-05-14,1,5,0,1,1,2,0.573333,0.5499,0.789583,0.212692,342.0,2501,2843,Monday,Workday
500,2012-05-15,1,5,0,2,1,2,0.611667,0.576404,0.794583,0.147392,625.0,4490,5115,Tuesday,Workday
501,2012-05-16,1,5,0,3,1,1,0.636667,0.595975,0.697917,0.122512,991.0,6433,7424,Wednesday,Workday
502,2012-05-17,1,5,0,4,1,1,0.593333,0.572613,0.52,0.229475,1242.0,6142,7384,Thursday,Workday
503,2012-05-18,1,5,0,5,1,1,0.564167,0.551121,0.523333,0.136817,1521.0,6118,7639,Friday,Workday
504,2012-05-19,1,5,0,6,0,1,0.6,0.566908,0.45625,0.083975,2266.75,4884,8294,Saturday,Weekend
505,2012-05-20,1,5,0,0,0,1,0.620833,0.583967,0.530417,0.254367,2266.75,4425,7129,Sunday,Weekend
506,2012-05-21,1,5,0,1,1,2,0.598333,0.565667,0.81125,0.233204,630.0,3729,4359,Monday,Workday
507,2012-05-22,1,5,0,2,1,2,0.615,0.580825,0.765833,0.118167,819.0,5254,6073,Tuesday,Workday
508,2012-05-23,1,5,0,3,1,2,0.621667,0.584612,0.774583,0.102,766.0,4494,5260,Wednesday,Workday
509,2012-05-24,1,5,0,4,1,1,0.655,0.6067,0.716667,0.172896,1059.0,5711,6770,Thursday,Workday
510,2012-05-25,1,5,0,5,1,1,0.68,0.627529,0.747083,0.14055,1417.0,5317,6734,Friday,Workday
511,2012-05-26,1,5,0,6,0,1,0.6925,0.642696,0.7325,0.198992,2266.75,3681,6536,Saturday,Weekend
512,2012-05-27,1,5,0,0,0,1,0.69,0.641425,0.697083,0.215171,2266.75,3308,6591,Sunday,Weekend
513,2012-05-28,1,5,1,1,0,1,0.7125,0.6793,0.67625,0.196521,2266.75,3486,6043,Monday,Workday
514,2012-05-29,1,5,0,2,1,1,0.7225,0.672992,0.684583,0.2954,880.0,4863,5743,Tuesday,Workday
515,2012-05-30,1,5,0,3,1,2,0.656667,0.611129,0.67,0.134329,745.0,6110,6855,Wednesday,Workday
516,2012-05-31,1,5,0,4,1,1,0.68,0.631329,0.492917,0.195279,1100.0,6238,7338,Thursday,Workday
517,2012-06-01,1,6,0,5,1,2,0.654167,0.607962,0.755417,0.237563,533.0,3594,4127,Friday,Workday
518,2012-06-02,1,6,0,6,0,1,0.583333,0.566288,0.549167,0.186562,2266.75,5325,8120,Saturday,Weekend
519,2012-06-03,1,6,0,0,0,1,0.6025,0.575133,0.493333,0.184087,2266.75,5147,7641,Sunday,Weekend
520,2012-06-04,1,6,0,1,1,1,0.5975,0.578283,0.487083,0.284833,1071.0,5927,6998,Monday,Workday
521,2012-06-05,1,6,0,2,1,2,0.540833,0.525892,0.613333,0.209575,968.0,6033,7001,Tuesday,Workday
522,2012-06-06,1,6,0,3,1,1,0.554167,0.542292,0.61125,0.077125,1027.0,6028,7055,Wednesday,Workday
523,2012-06-07,1,6,0,4,1,1,0.6025,0.569442,0.567083,0.15735,1038.0,6456,7494,Thursday,Workday
524,2012-06-08,1,6,0,5,1,1,0.649167,0.597862,0.467917,0.175383,1488.0,6248,7736,Friday,Workday
525,2012-06-09,1,6,0,6,0,1,0.710833,0.648367,0.437083,0.144287,2266.75,4790,7498,Saturday,Weekend
526,2012-06-10,1,6,0,0,0,1,0.726667,0.663517,0.538333,0.133721,2224.0,4374,6598,Sunday,Weekend
527,2012-06-11,1,6,0,1,1,2,0.720833,0.659721,0.587917,0.207713,1017.0,5647,6664,Monday,Workday
528,2012-06-12,1,6,0,2,1,2,0.653333,0.597875,0.833333,0.214546,477.0,4495,4972,Tuesday,Workday
529,2012-06-13,1,6,0,3,1,1,0.655833,0.611117,0.582083,0.343279,1173.0,6248,7421,Wednesday,Workday
530,2012-06-14,1,6,0,4,1,1,0.648333,0.624383,0.569583,0.253733,1180.0,6183,7363,Thursday,Workday
531,2012-06-15,1,6,0,5,1,1,0.639167,0.599754,0.589583,0.176617,1563.0,6102,7665,Friday,Workday
532,2012-06-16,1,6,0,6,0,1,0.631667,0.594708,0.504167,0.166667,2266.75,4739,7702,Saturday,Weekend
533,2012-06-17,1,6,0,0,0,1,0.5925,0.571975,0.59875,0.144904,2266.75,4344,6978,Sunday,Weekend
534,2012-06-18,1,6,0,1,1,2,0.568333,0.544842,0.777917,0.174746,653.0,4446,5099,Monday,Workday
535,2012-06-19,1,6,0,2,1,1,0.688333,0.654692,0.69,0.148017,968.0,5857,6825,Tuesday,Workday
536,2012-06-20,1,6,0,3,1,1,0.7825,0.720975,0.592083,0.113812,872.0,5339,6211,Wednesday,Workday
537,2012-06-21,1,6,0,4,1,1,0.805833,0.752542,0.567917,0.118787,778.0,5127,5905,Thursday,Workday
538,2012-06-22,1,6,0,5,1,1,0.7775,0.724121,0.57375,0.182842,964.0,4859,5823,Friday,Workday
539,2012-06-23,1,6,0,6,0,1,0.731667,0.652792,0.534583,0.179721,2266.75,4801,7458,Saturday,Weekend
540,2012-06-24,1,6,0,0,0,1,0.743333,0.674254,0.479167,0.145525,2266.75,4340,6891,Sunday,Weekend
541,2012-06-25,1,6,0,1,1,1,0.715833,0.654042,0.504167,0.300383,1139.0,5640,6779,Monday,Workday
542,2012-06-26,1,6,0,2,1,1,0.630833,0.594704,0.373333,0.347642,1077.0,6365,7442,Tuesday,Workday
543,2012-06-27,1,6,0,3,1,1,0.6975,0.640792,0.36,0.271775,1077.0,6258,7335,Wednesday,Workday
544,2012-06-28,1,6,0,4,1,1,0.749167,0.675512,0.4225,0.17165,921.0,5958,6879,Thursday,Workday
545,2012-06-29,1,6,0,5,1,1,0.834167,0.786613,0.48875,0.165417,829.0,4634,5463,Friday,Workday
546,2012-06-30,1,6,0,6,0,1,0.765,0.687508,0.60125,0.161071,1455.0,4232,5687,Saturday,Weekend
547,2012-07-01,1,7,0,0,0,1,0.815833,0.750629,0.51875,0.168529,1421.0,4110,5531,Sunday,Weekend
548,2012-07-02,1,7,0,1,1,1,0.781667,0.702038,0.447083,0.195267,904.0,5323,6227,Monday,Workday
549,2012-07-03,1,7,0,2,1,1,0.780833,0.70265,0.492083,0.126237,1052.0,5608,6660,Tuesday,Workday
550,2012-07-04,1,7,1,3,0,1,0.789167,0.732337,0.53875,0.13495,2266.75,4841,7403,Wednesday,Workday
551,2012-07-05,1,7,0,4,1,1,0.8275,0.761367,0.457917,0.194029,1405.0,4836,6241,Thursday,Workday
552,2012-07-06,1,7,0,5,1,1,0.828333,0.752533,0.450833,0.146142,1366.0,4841,6207,Friday,Workday
553,2012-07-07,1,7,0,6,0,1,0.861667,0.804913,0.492083,0.163554,1448.0,3392,4840,Saturday,Weekend
554,2012-07-08,1,7,0,0,0,1,0.8225,0.790396,0.57375,0.125629,1203.0,3469,4672,Sunday,Weekend
555,2012-07-09,1,7,0,1,1,2,0.710833,0.654054,0.683333,0.180975,998.0,5571,6569,Monday,Workday
556,2012-07-10,1,7,0,2,1,2,0.720833,0.664796,0.6675,0.151737,954.0,5336,6290,Tuesday,Workday
557,2012-07-11,1,7,0,3,1,1,0.716667,0.650271,0.633333,0.151733,975.0,6289,7264,Wednesday,Workday
558,2012-07-12,1,7,0,4,1,1,0.715833,0.654683,0.529583,0.146775,1032.0,6414,7446,Thursday,Workday
559,2012-07-13,1,7,0,5,1,2,0.731667,0.667933,0.485833,0.08085,1511.0,5988,7499,Friday,Workday
560,2012-07-14,1,7,0,6,0,2,0.703333,0.666042,0.699167,0.143679,2266.75,4614,6969,Saturday,Weekend
561,2012-07-15,1,7,0,0,0,1,0.745833,0.705196,0.717917,0.166667,1920.0,4111,6031,Sunday,Weekend
562,2012-07-16,1,7,0,1,1,1,0.763333,0.724125,0.645,0.164187,1088.0,5742,6830,Monday,Workday
563,2012-07-17,1,7,0,2,1,1,0.818333,0.755683,0.505833,0.114429,921.0,5865,6786,Tuesday,Workday
564,2012-07-18,1,7,0,3,1,1,0.793333,0.745583,0.577083,0.137442,799.0,4914,5713,Wednesday,Workday
565,2012-07-19,1,7,0,4,1,1,0.77,0.714642,0.600417,0.165429,888.0,5703,6591,Thursday,Workday
566,2012-07-20,1,7,0,5,1,2,0.665833,0.613025,0.844167,0.208967,747.0,5123,5870,Friday,Workday
567,2012-07-21,1,7,0,6,0,3,0.595833,0.549912,0.865417,0.2133,1264.0,3195,4459,Saturday,Weekend
568,2012-07-22,1,7,0,0,0,2,0.6675,0.623125,0.7625,0.0939208,2266.75,4866,7410,Sunday,Weekend
569,2012-07-23,1,7,0,1,1,1,0.741667,0.690017,0.694167,0.138683,1135.0,5831,6966,Monday,Workday
570,2012-07-24,1,7,0,2,1,1,0.750833,0.70645,0.655,0.211454,1140.0,6452,7592,Tuesday,Workday
571,2012-07-25,1,7,0,3,1,1,0.724167,0.654054,0.45,0.1648,1383.0,6790,8173,Wednesday,Workday
572,2012-07-26,1,7,0,4,1,1,0.776667,0.739263,0.596667,0.284813,1036.0,5825,6861,Thursday,Workday
573,2012-07-27,1,7,0,5,1,1,0.781667,0.734217,0.594583,0.152992,1259.0,5645,6904,Friday,Workday
574,2012-07-28,1,7,0,6,0,1,0.755833,0.697604,0.613333,0.15735,2234.0,4451,6685,Saturday,Weekend
575,2012-07-29,1,7,0,0,0,1,0.721667,0.667933,0.62375,0.170396,2153.0,4444,6597,Sunday,Weekend
576,2012-07-30,1,7,0,1,1,1,0.730833,0.684987,0.66875,0.153617,1040.0,6065,7105,Monday,Workday
577,2012-07-31,1,7,0,2,1,1,0.713333,0.662896,0.704167,0.165425,968.0,6248,7216,Tuesday,Workday
578,2012-08-01,1,8,0,3,1,1,0.7175,0.667308,0.6775,0.141179,1074.0,6506,7580,Wednesday,Workday
579,2012-08-02,1,8,0,4,1,1,0.7525,0.707088,0.659583,0.129354,983.0,6278,7261,Thursday,Workday
580,2012-08-03,1,8,0,5,1,2,0.765833,0.722867,0.6425,0.215792,1328.0,5847,7175,Friday,Workday
581,2012-08-04,1,8,0,6,0,1,0.793333,0.751267,0.613333,0.257458,2266.75,4479,6824,Saturday,Weekend
582,2012-08-05,1,8,0,0,0,1,0.769167,0.731079,0.6525,0.290421,1707.0,3757,5464,Sunday,Weekend
583,2012-08-06,1,8,0,1,1,2,0.7525,0.710246,0.654167,0.129354,1233.0,5780,7013,Monday,Workday
584,2012-08-07,1,8,0,2,1,2,0.735833,0.697621,0.70375,0.116908,1278.0,5995,7273,Tuesday,Workday
585,2012-08-08,1,8,0,3,1,2,0.75,0.707717,0.672917,0.1107,1263.0,6271,7534,Wednesday,Workday
586,2012-08-09,1,8,0,4,1,1,0.755833,0.699508,0.620417,0.1561,1196.0,6090,7286,Thursday,Workday
587,2012-08-10,1,8,0,5,1,2,0.715833,0.667942,0.715833,0.238813,1065.0,4721,5786,Friday,Workday
588,2012-08-11,1,8,0,6,0,2,0.6925,0.638267,0.732917,0.206479,2247.0,4052,6299,Saturday,Weekend
589,2012-08-12,1,8,0,0,0,1,0.700833,0.644579,0.530417,0.122512,2182.0,4362,6544,Sunday,Weekend
590,2012-08-13,1,8,0,1,1,1,0.720833,0.662254,0.545417,0.136212,1207.0,5676,6883,Monday,Workday
591,2012-08-14,1,8,0,2,1,1,0.726667,0.676779,0.686667,0.169158,1128.0,5656,6784,Tuesday,Workday
592,2012-08-15,1,8,0,3,1,1,0.706667,0.654037,0.619583,0.169771,1198.0,6149,7347,Wednesday,Workday
593,2012-08-16,1,8,0,4,1,1,0.719167,0.654688,0.519167,0.141796,1338.0,6267,7605,Thursday,Workday
594,2012-08-17,1,8,0,5,1,1,0.723333,0.2424,0.570833,0.231354,1483.0,5665,7148,Friday,Workday
595,2012-08-18,1,8,0,6,0,1,0.678333,0.618071,0.603333,0.177867,2266.75,5038,7865,Saturday,Weekend
596,2012-08-19,1,8,0,0,0,2,0.635833,0.603554,0.711667,0.08645,1208.0,3341,4549,Sunday,Weekend
597,2012-08-20,1,8,0,1,1,2,0.635833,0.595967,0.734167,0.129979,1026.0,5504,6530,Monday,Workday
598,2012-08-21,1,8,0,2,1,1,0.649167,0.601025,0.67375,0.0727708,1081.0,5925,7006,Tuesday,Workday
599,2012-08-22,1,8,0,3,1,1,0.6675,0.621854,0.677083,0.0702833,1094.0,6281,7375,Wednesday,Workday
600,2012-08-23,1,8,0,4,1,1,0.695833,0.637008,0.635833,0.0845958,1363.0,6402,7765,Thursday,Workday
601,2012-08-24,1,8,0,5,1,2,0.7025,0.6471,0.615,0.0721458,1325.0,6257,7582,Friday,Workday
602,2012-08-25,1,8,0,6,0,2,0.661667,0.618696,0.712917,0.244408,1829.0,4224,6053,Saturday,Weekend
603,2012-08-26,1,8,0,0,0,2,0.653333,0.595996,0.845833,0.228858,1483.0,3772,5255,Sunday,Weekend
604,2012-08-27,1,8,0,1,1,1,0.703333,0.654688,0.730417,0.128733,989.0,5928,6917,Monday,Workday
605,2012-08-28,1,8,0,2,1,1,0.728333,0.66605,0.62,0.190925,935.0,6105,7040,Tuesday,Workday
606,2012-08-29,1,8,0,3,1,1,0.685,0.635733,0.552083,0.112562,1177.0,6520,7697,Wednesday,Workday
607,2012-08-30,1,8,0,4,1,1,0.706667,0.652779,0.590417,0.0771167,1172.0,6541,7713,Thursday,Workday
608,2012-08-31,1,8,0,5,1,1,0.764167,0.6894,0.5875,0.168533,1433.0,5917,7350,Friday,Workday
609,2012-09-01,1,9,0,6,0,2,0.753333,0.702654,0.638333,0.113187,2266.75,3788,6140,Saturday,Weekend
610,2012-09-02,1,9,0,0,0,2,0.696667,0.649,0.815,0.0640708,2266.75,3197,5810,Sunday,Weekend
611,2012-09-03,1,9,1,1,0,1,0.7075,0.661629,0.790833,0.151121,1965.0,4069,6034,Monday,Workday
612,2012-09-04,1,9,0,2,1,1,0.725833,0.686888,0.755,0.236321,867.0,5997,6864,Tuesday,Workday
613,2012-09-05,1,9,0,3,1,1,0.736667,0.708983,0.74125,0.187808,832.0,6280,7112,Wednesday,Workday
614,2012-09-06,1,9,0,4,1,2,0.696667,0.655329,0.810417,0.142421,611.0,5592,6203,Thursday,Workday
615,2012-09-07,1,9,0,5,1,1,0.703333,0.657204,0.73625,0.171646,1045.0,6459,7504,Friday,Workday
616,2012-09-08,1,9,0,6,0,2,0.659167,0.611121,0.799167,0.281104,1557.0,4419,5976,Saturday,Weekend
617,2012-09-09,1,9,0,0,0,1,0.61,0.578925,0.5475,0.224496,2266.75,5657,8227,Sunday,Weekend
618,2012-09-10,1,9,0,1,1,1,0.583333,0.565654,0.50375,0.258713,1118.0,6407,7525,Monday,Workday
619,2012-09-11,1,9,0,2,1,1,0.5775,0.554292,0.52,0.0920542,1070.0,6697,7767,Tuesday,Workday
620,2012-09-12,1,9,0,3,1,1,0.599167,0.570075,0.577083,0.131846,1050.0,6820,7870,Wednesday,Workday
621,2012-09-13,1,9,0,4,1,1,0.6125,0.579558,0.637083,0.0827208,1054.0,6750,7804,Thursday,Workday
622,2012-09-14,1,9,0,5,1,1,0.633333,0.594083,0.6725,0.103863,1379.0,6630,8009,Friday,Workday
623,2012-09-15,1,9,0,6,0,1,0.608333,0.585867,0.501667,0.247521,2266.75,5554,8714,Saturday,Weekend
624,2012-09-16,1,9,0,0,0,1,0.58,0.563125,0.57,0.0901833,2166.0,5167,7333,Sunday,Weekend
625,2012-09-17,1,9,0,1,1,2,0.580833,0.55305,0.734583,0.151742,1022.0,5847,6869,Monday,Workday
626,2012-09-18,1,9,0,2,1,2,0.623333,0.565067,0.8725,0.357587,371.0,3702,4073,Tuesday,Workday
627,2012-09-19,1,9,0,3,1,1,0.5525,0.540404,0.536667,0.215175,788.0,6803,7591,Wednesday,Workday
628,2012-09-20,1,9,0,4,1,1,0.546667,0.532192,0.618333,0.118167,939.0,6781,7720,Thursday,Workday
629,2012-09-21,1,9,0,5,1,1,0.599167,0.571971,0.66875,0.154229,1250.0,6917,8167,Friday,Workday
630,2012-09-22,1,9,0,6,0,1,0.65,0.610488,0.646667,0.283583,2266.75,5883,8395,Saturday,Weekend
631,2012-09-23,1,9,0,0,0,1,0.529167,0.518933,0.467083,0.223258,2266.75,5453,7907,Sunday,Weekend
632,2012-09-24,1,9,0,1,1,1,0.514167,0.502513,0.492917,0.142404,1001.0,6435,7436,Monday,Workday
633,2012-09-25,1,9,0,2,1,1,0.55,0.544179,0.57,0.236321,845.0,6693,7538,Tuesday,Workday
634,2012-09-26,1,9,0,3,1,1,0.635,0.596613,0.630833,0.2444,787.0,6946,7733,Wednesday,Workday
635,2012-09-27,1,9,0,4,1,2,0.65,0.607975,0.690833,0.134342,751.0,6642,7393,Thursday,Workday
636,2012-09-28,1,9,0,5,1,2,0.619167,0.585863,0.69,0.164179,1045.0,6370,7415,Friday,Workday
637,2012-09-29,1,9,0,6,0,1,0.5425,0.530296,0.542917,0.227604,2266.75,5966,8555,Saturday,Weekend
638,2012-09-30,1,9,0,0,0,1,0.526667,0.517663,0.583333,0.134958,2015.0,4874,6889,Sunday,Weekend
639,2012-10-01,1,10,0,1,1,2,0.520833,0.512,0.649167,0.0908042,763.0,6015,6778,Monday,Workday
640,2012-10-02,1,10,0,2,1,3,0.590833,0.542333,0.871667,0.104475,315.0,4324,4639,Tuesday,Workday
641,2012-10-03,1,10,0,3,1,2,0.6575,0.599133,0.79375,0.0665458,728.0,6844,7572,Wednesday,Workday
642,2012-10-04,1,10,0,4,1,2,0.6575,0.607975,0.722917,0.117546,891.0,6437,7328,Thursday,Workday
643,2012-10-05,1,10,0,5,1,1,0.615,0.580187,0.6275,0.10635,1516.0,6640,8156,Friday,Workday
644,2012-10-06,1,10,0,6,0,1,0.554167,0.538521,0.664167,0.268025,2266.75,4934,7965,Saturday,Weekend
645,2012-10-07,1,10,0,0,0,2,0.415833,0.419813,0.708333,0.141162,781.0,2729,3510,Sunday,Weekend
646,2012-10-08,1,10,1,1,0,2,0.383333,0.387608,0.709583,0.189679,874.0,4604,5478,Monday,Workday
647,2012-10-09,1,10,0,2,1,2,0.446667,0.438112,0.761667,0.1903,601.0,5791,6392,Tuesday,Workday
648,2012-10-10,1,10,0,3,1,1,0.514167,0.503142,0.630833,0.187821,780.0,6911,7691,Wednesday,Workday
649,2012-10-11,1,10,0,4,1,1,0.435,0.431167,0.463333,0.181596,834.0,6736,7570,Thursday,Workday
650,2012-10-12,1,10,0,5,1,1,0.4375,0.433071,0.539167,0.235092,1060.0,6222,7282,Friday,Workday
651,2012-10-13,1,10,0,6,0,1,0.393333,0.391396,0.494583,0.146142,2252.0,4857,7109,Saturday,Weekend
652,2012-10-14,1,10,0,0,0,1,0.521667,0.508204,0.640417,0.278612,2080.0,4559,6639,Sunday,Weekend
653,2012-10-15,1,10,0,1,1,2,0.561667,0.53915,0.7075,0.296037,760.0,5115,5875,Monday,Workday
654,2012-10-16,1,10,0,2,1,1,0.468333,0.460846,0.558333,0.182221,922.0,6612,7534,Tuesday,Workday
655,2012-10-17,1,10,0,3,1,1,0.455833,0.450108,0.692917,0.101371,979.0,6482,7461,Wednesday,Workday
656,2012-10-18,1,10,0,4,1,2,0.5225,0.512625,0.728333,0.236937,1008.0,6501,7509,Thursday,Workday
657,2012-10-19,1,10,0,5,1,2,0.563333,0.537896,0.815,0.134954,753.0,4671,5424,Friday,Workday
658,2012-10-20,1,10,0,6,0,1,0.484167,0.472842,0.572917,0.117537,2266.75,5284,8090,Saturday,Weekend
659,2012-10-21,1,10,0,0,0,1,0.464167,0.456429,0.51,0.166054,2132.0,4692,6824,Sunday,Weekend
660,2012-10-22,1,10,0,1,1,1,0.4875,0.482942,0.568333,0.0814833,830.0,6228,7058,Monday,Workday
661,2012-10-23,1,10,0,2,1,1,0.544167,0.530304,0.641667,0.0945458,841.0,6625,7466,Tuesday,Workday
662,2012-10-24,1,10,0,3,1,1,0.5875,0.558721,0.63625,0.0727792,795.0,6898,7693,Wednesday,Workday
663,2012-10-25,1,10,0,4,1,2,0.55,0.529688,0.800417,0.124375,875.0,6484,7359,Thursday,Workday
664,2012-10-26,1,10,0,5,1,2,0.545833,0.52275,0.807083,0.132467,1182.0,6262,7444,Friday,Workday
665,2012-10-27,1,10,0,6,0,2,0.53,0.515133,0.72,0.235692,2266.75,5209,7852,Saturday,Weekend
666,2012-10-28,1,10,0,0,0,2,0.4775,0.467771,0.694583,0.38061125,998.0,3461,4459,Sunday,Weekend
667,2012-10-29,1,10,0,1,1,3,0.44,0.4394,0.88,0.3582,2.0,20,22,Monday,Workday
668,2012-10-30,1,10,0,2,1,2,0.318182,0.309909,0.825455,0.213009,87.0,1009,1096,Tuesday,Workday
669,2012-10-31,1,10,0,3,1,2,0.3575,0.3611,0.666667,0.166667,419.0,5147,5566,Wednesday,Workday
670,2012-11-01,1,11,0,4,1,2,0.365833,0.369942,0.581667,0.157346,466.0,5520,5986,Thursday,Workday
671,2012-11-02,1,11,0,5,1,1,0.355,0.356042,0.522083,0.266175,618.0,5229,5847,Friday,Workday
672,2012-11-03,1,11,0,6,0,2,0.343333,0.323846,0.49125,0.270529,1029.0,4109,5138,Saturday,Weekend
673,2012-11-04,1,11,0,0,0,1,0.325833,0.329538,0.532917,0.179108,1201.0,3906,5107,Sunday,Weekend
674,2012-11-05,1,11,0,1,1,1,0.319167,0.308075,0.494167,0.236325,378.0,4881,5259,Monday,Workday
675,2012-11-06,1,11,0,2,1,1,0.280833,0.281567,0.567083,0.173513,466.0,5220,5686,Tuesday,Workday
676,2012-11-07,1,11,0,3,1,2,0.295833,0.274621,0.5475,0.304108,326.0,4709,5035,Wednesday,Workday
677,2012-11-08,1,11,0,4,1,1,0.352174,0.341891,0.333478,0.347835,340.0,4975,5315,Thursday,Workday
678,2012-11-09,1,11,0,5,1,1,0.361667,0.355413,0.540833,0.214558,709.0,5283,5992,Friday,Workday
679,2012-11-10,1,11,0,6,0,1,0.389167,0.393937,0.645417,0.0578458,2090.0,4446,6536,Saturday,Weekend
680,2012-11-11,1,11,0,0,0,1,0.420833,0.421713,0.659167,0.1275,2266.75,4562,6852,Sunday,Weekend
681,2012-11-12,1,11,1,1,0,1,0.485,0.475383,0.741667,0.173517,1097.0,5172,6269,Monday,Workday
682,2012-11-13,1,11,0,2,1,2,0.343333,0.323225,0.662917,0.342046,327.0,3767,4094,Tuesday,Workday
683,2012-11-14,1,11,0,3,1,1,0.289167,0.281563,0.552083,0.199625,373.0,5122,5495,Wednesday,Workday
684,2012-11-15,1,11,0,4,1,2,0.321667,0.324492,0.620417,0.152987,320.0,5125,5445,Thursday,Workday
685,2012-11-16,1,11,0,5,1,1,0.345,0.347204,0.524583,0.171025,484.0,5214,5698,Friday,Workday
686,2012-11-17,1,11,0,6,0,1,0.325,0.326383,0.545417,0.179729,1313.0,4316,5629,Saturday,Weekend
687,2012-11-18,1,11,0,0,0,1,0.3425,0.337746,0.692917,0.227612,922.0,3747,4669,Sunday,Weekend
688,2012-11-19,1,11,0,1,1,2,0.380833,0.375621,0.623333,0.235067,449.0,5050,5499,Monday,Workday
689,2012-11-20,1,11,0,2,1,2,0.374167,0.380667,0.685,0.082725,534.0,5100,5634,Tuesday,Workday
690,2012-11-21,1,11,0,3,1,1,0.353333,0.364892,0.61375,0.103246,615.0,4531,5146,Wednesday,Workday
691,2012-11-22,1,11,1,4,0,1,0.34,0.350371,0.580417,0.0528708,955.0,1470,2425,Thursday,Workday
692,2012-11-23,1,11,0,5,1,1,0.368333,0.378779,0.56875,0.148021,1603.0,2307,3910,Friday,Workday
693,2012-11-24,1,11,0,6,0,1,0.278333,0.248742,0.404583,0.376871,532.0,1745,2277,Saturday,Weekend
694,2012-11-25,1,11,0,0,0,1,0.245833,0.257583,0.468333,0.1505,309.0,2115,2424,Sunday,Weekend
695,2012-11-26,1,11,0,1,1,1,0.313333,0.339004,0.535417,0.04665,337.0,4750,5087,Monday,Workday
696,2012-11-27,1,11,0,2,1,2,0.291667,0.281558,0.786667,0.237562,123.0,3836,3959,Tuesday,Workday
697,2012-11-28,1,11,0,3,1,1,0.296667,0.289762,0.50625,0.210821,198.0,5062,5260,Wednesday,Workday
698,2012-11-29,1,11,0,4,1,1,0.28087,0.298422,0.555652,0.115522,243.0,5080,5323,Thursday,Workday
699,2012-11-30,1,11,0,5,1,1,0.298333,0.323867,0.649583,0.0584708,362.0,5306,5668,Friday,Workday
700,2012-12-01,1,12,0,6,0,2,0.298333,0.316904,0.806667,0.0597042,951.0,4240,5191,Saturday,Weekend
701,2012-12-02,1,12,0,0,0,2,0.3475,0.359208,0.823333,0.124379,892.0,3757,4649,Sunday,Weekend
702,2012-12-03,1,12,0,1,1,1,0.4525,0.455796,0.7675,0.0827208,555.0,5679,6234,Monday,Workday
703,2012-12-04,1,12,0,2,1,1,0.475833,0.469054,0.73375,0.174129,551.0,6055,6606,Tuesday,Workday
704,2012-12-05,1,12,0,3,1,1,0.438333,0.428012,0.485,0.324021,331.0,5398,5729,Wednesday,Workday
705,2012-12-06,1,12,0,4,1,1,0.255833,0.258204,0.50875,0.174754,340.0,5035,5375,Thursday,Workday
706,2012-12-07,1,12,0,5,1,2,0.320833,0.321958,0.764167,0.1306,349.0,4659,5008,Friday,Workday
707,2012-12-08,1,12,0,6,0,2,0.381667,0.389508,0.91125,0.101379,1153.0,4429,5582,Saturday,Weekend
708,2012-12-09,1,12,0,0,0,2,0.384167,0.390146,0.905417,0.157975,441.0,2787,3228,Sunday,Weekend
709,2012-12-10,1,12,0,1,1,2,0.435833,0.435575,0.925,0.190308,329.0,4841,5170,Monday,Workday
710,2012-12-11,1,12,0,2,1,2,0.353333,0.338363,0.596667,0.296037,282.0,5219,5501,Tuesday,Workday
711,2012-12-12,1,12,0,3,1,2,0.2975,0.297338,0.538333,0.162937,310.0,5009,5319,Wednesday,Workday
712,2012-12-13,1,12,0,4,1,1,0.295833,0.294188,0.485833,0.174129,425.0,5107,5532,Thursday,Workday
713,2012-12-14,1,12,0,5,1,1,0.281667,0.294192,0.642917,0.131229,429.0,5182,5611,Friday,Workday
714,2012-12-15,1,12,0,6,0,1,0.324167,0.338383,0.650417,0.10635,767.0,4280,5047,Saturday,Weekend
715,2012-12-16,1,12,0,0,0,2,0.3625,0.369938,0.83875,0.100742,538.0,3248,3786,Sunday,Weekend
716,2012-12-17,1,12,0,1,1,2,0.393333,0.4015,0.907083,0.0982583,212.0,4373,4585,Monday,Workday
717,2012-12-18,1,12,0,2,1,1,0.410833,0.409708,0.66625,0.221404,433.0,5124,5557,Tuesday,Workday
718,2012-12-19,1,12,0,3,1,1,0.3325,0.342162,0.625417,0.184092,333.0,4934,5267,Wednesday,Workday
719,2012-12-20,1,12,0,4,1,2,0.33,0.335217,0.667917,0.132463,314.0,3814,4128,Thursday,Workday
720,2012-12-21,1,12,0,5,1,2,0.326667,0.301767,0.556667,0.374383,221.0,3402,3623,Friday,Workday
721,2012-12-22,1,12,0,6,0,1,0.265833,0.236113,0.44125,0.38061125,205.0,1544,1749,Saturday,Weekend
722,2012-12-23,1,12,0,0,0,1,0.245833,0.259471,0.515417,0.133083,408.0,1379,1787,Sunday,Weekend
723,2012-12-24,1,12,0,1,1,2,0.231304,0.2589,0.791304,0.0772304,174.0,746,920,Monday,Workday
724,2012-12-25,1,12,1,2,0,2,0.291304,0.294465,0.734783,0.168726,440.0,573,1013,Tuesday,Workday
725,2012-12-26,1,12,0,3,1,3,0.243333,0.220333,0.823333,0.316546,9.0,432,441,Wednesday,Workday
726,2012-12-27,1,12,0,4,1,2,0.254167,0.226642,0.652917,0.350133,247.0,1867,2114,Thursday,Workday
727,2012-12-28,1,12,0,5,1,2,0.253333,0.255046,0.59,0.155471,644.0,2451,3095,Friday,Workday
728,2012-12-29,1,12,0,6,0,2,0.253333,0.2424,0.752917,0.124383,159.0,1182,1341,Saturday,Weekend
729,2012-12-30,1,12,0,0,0,1,0.255833,0.2317,0.483333,0.350754,364.0,1432,1796,Sunday,Weekend
730,2012-12-31,1,12,0,1,1,2,0.215833,0.223487,0.5775,0.154846,439.0,2290,2729,Monday,Workday
